company_name,company_shortname,company_email,company_phone,location,location_lat,location_long,item_id,item_name,tags,image_count,quality_score,availability_count,calendar_link,calendar_script,regular_link,image_url
Amitylux,amitylux,info@amitylux.com,+45 61 75 51 56,Finland/Uusimaa/Helsinki,24.950811,60.167968,304850,Helsinki 3h Private Tour,Guided Tour-Private-Walking Tour,11,85,2520,https://fareharbor.com/embeds/calendar/amitylux/items/304850/?asn=fhdn-eur&asn-ref=alloutdooradventures&ref=alloutdooradventures&bookable-only=yes&full-items=yes&marketplace=yes&flow=no,"<script src=""https://fareharbor.com/embeds/script/calendar/amitylux/items/304850/?asn=fhdn-eur&asn-ref=alloutdooradventures&ref=alloutdooradventures&bookable-only=yes&full-items=yes&marketplace=yes&flow=no""></script>",https://fareharbor.com/embeds/book/amitylux/items/304850/?asn=fhdn-eur&asn-ref=alloutdooradventures&ref=alloutdooradventures&bookable-only=yes&full-items=yes&marketplace=yes&flow=no,https://cdn.filestackcontent.com/s6z8l1s0Rmm3xV6gVuu0
Kiruna Guidetur,kirunaguidetur,info@kirunaguidetur.com,46 980 81110,Sweden/Norrbottens län/Kiruna,,,563345,"Snowshoe Trek, Aurora",Walking Tour-Winter Activities,1,85,67,https://fareharbor.com/embeds/calendar/kirunaguidetur/items/563345/?asn=fhdn-sek&asn-ref=alloutdooradventures&ref=alloutdooradventures&bookable-only=yes&full-items=yes&marketplace=yes&flow=no,"<script src=""https://fareharbor.com/embeds/script/calendar/kirunaguidetur/items/563345/?asn=fhdn-sek&asn-ref=alloutdooradventures&ref=alloutdooradventures&bookable-only=yes&full-items=yes&marketplace=yes&flow=no""></script>",https://fareharbor.com/embeds/book/kirunaguidetur/items/563345/?asn=fhdn-sek&asn-ref=alloutdooradventures&ref=alloutdooradventures&bookable-only=yes&full-items=yes&marketplace=yes&flow=no,https://cdn.filestackcontent.com/WXmncDizQ2m6jKFCcjmD
Tahko Safarit,tahkosafarit,sales@tahkosafarit.fi,+358400202303,Finland/Pohjois-Savo/Tahkovuori,,,666798,2 Hours Kayaking Tour,Canoe,1,82,1112,https://fareharbor.com/embeds/calendar/tahkosafarit/items/666798/?asn=fhdn-eur&asn-ref=alloutdooradventures&ref=alloutdooradventures&bookable-only=yes&full-items=yes&marketplace=yes&flow=no,"<script src=""https://fareharbor.com/embeds/script/calendar/tahkosafarit/items/666798/?asn=fhdn-eur&asn-ref=alloutdooradventures&ref=alloutdooradventures&bookable-only=yes&full-items=yes&marketplace=yes&flow=no""></script>",https://fareharbor.com/embeds/book/tahkosafarit/items/666798/?asn=fhdn-eur&asn-ref=alloutdooradventures&ref=alloutdooradventures&bookable-only=yes&full-items=yes&marketplace=yes&flow=no,https://cdn.filestackcontent.com/87QyX8iLSbao0bnfP7N8
Aurora Village Oy,auroravillage,info@auroravillage.fi,+358104197820,Finland/Lappi/Inari,,,182144,Horseback riding - trail ride,Horse,6,81,27,https://fareharbor.com/embeds/calendar/auroravillage/items/182144/?asn=fhdn-eur&asn-ref=alloutdooradventures&ref=alloutdooradventures&bookable-only=yes&full-items=yes&marketplace=yes&flow=no,"<script src=""https://fareharbor.com/embeds/script/calendar/auroravillage/items/182144/?asn=fhdn-eur&asn-ref=alloutdooradventures&ref=alloutdooradventures&bookable-only=yes&full-items=yes&marketplace=yes&flow=no""></script>",https://fareharbor.com/embeds/book/auroravillage/items/182144/?asn=fhdn-eur&asn-ref=alloutdooradventures&ref=alloutdooradventures&bookable-only=yes&full-items=yes&marketplace=yes&flow=no,https://cdn.filestackcontent.com/PEsg3d1R3Klhv1zfqh2I
Hetta Huskies,hettahuskies,info@hettahuskies.com,+358 40 353 2076,Finland/Lappi/Enontekiö,,,270252,Hike with Huskies: 2km Oldies Walk,Farm-Hiking-Walking Tour,5,81,129,https://fareharbor.com/embeds/calendar/hettahuskies/items/270252/?asn=fhdn-eur&asn-ref=alloutdooradventures&ref=alloutdooradventures&bookable-only=yes&full-items=yes&marketplace=yes&flow=no,"<script src=""https://fareharbor.com/embeds/script/calendar/hettahuskies/items/270252/?asn=fhdn-eur&asn-ref=alloutdooradventures&ref=alloutdooradventures&bookable-only=yes&full-items=yes&marketplace=yes&flow=no""></script>",https://fareharbor.com/embeds/book/hettahuskies/items/270252/?asn=fhdn-eur&asn-ref=alloutdooradventures&ref=alloutdooradventures&bookable-only=yes&full-items=yes&marketplace=yes&flow=no,https://cdn.filestackcontent.com/F6QOoOxVST2e75ybBbcY
Tahko Safarit,tahkosafarit,sales@tahkosafarit.fi,+358400202303,Finland/Pohjois-Savo/Tahkovuori,,,666772,Nipasen Loop E-Bike Safari,Bike Tour,1,81,1112,https://fareharbor.com/embeds/calendar/tahkosafarit/items/666772/?asn=fhdn-eur&asn-ref=alloutdooradventures&ref=alloutdooradventures&bookable-only=yes&full-items=yes&marketplace=yes&flow=no,"<script src=""https://fareharbor.com/embeds/script/calendar/tahkosafarit/items/666772/?asn=fhdn-eur&asn-ref=alloutdooradventures&ref=alloutdooradventures&bookable-only=yes&full-items=yes&marketplace=yes&flow=no""></script>",https://fareharbor.com/embeds/book/tahkosafarit/items/666772/?asn=fhdn-eur&asn-ref=alloutdooradventures&ref=alloutdooradventures&bookable-only=yes&full-items=yes&marketplace=yes&flow=no,https://cdn.filestackcontent.com/PTg0H5hOS6SVpDCUtzAV
Kiruna Guidetur,kirunaguidetur,info@kirunaguidetur.com,46 980 81110,Sweden/Norrbottens län/Kiruna,,,563097,Snowshoe Trek,Walking Tour-Winter Activities,1,80,67,https://fareharbor.com/embeds/calendar/kirunaguidetur/items/563097/?asn=fhdn-sek&asn-ref=alloutdooradventures&ref=alloutdooradventures&bookable-only=yes&full-items=yes&marketplace=yes&flow=no,"<script src=""https://fareharbor.com/embeds/script/calendar/kirunaguidetur/items/563097/?asn=fhdn-sek&asn-ref=alloutdooradventures&ref=alloutdooradventures&bookable-only=yes&full-items=yes&marketplace=yes&flow=no""></script>",https://fareharbor.com/embeds/book/kirunaguidetur/items/563097/?asn=fhdn-sek&asn-ref=alloutdooradventures&ref=alloutdooradventures&bookable-only=yes&full-items=yes&marketplace=yes&flow=no,https://cdn.filestackcontent.com/yysk2cTPao8Ez5xMjBCQ
Tahko Safarit,tahkosafarit,sales@tahkosafarit.fi,+358400202303,Finland/Pohjois-Savo/Tahkovuori,,,666784,3 Hours E-bike Tour,Bike Tour,1,80,0,https://fareharbor.com/embeds/calendar/tahkosafarit/items/666784/?asn=fhdn-eur&asn-ref=alloutdooradventures&ref=alloutdooradventures&bookable-only=yes&full-items=yes&marketplace=yes&flow=no,"<script src=""https://fareharbor.com/embeds/script/calendar/tahkosafarit/items/666784/?asn=fhdn-eur&asn-ref=alloutdooradventures&ref=alloutdooradventures&bookable-only=yes&full-items=yes&marketplace=yes&flow=no""></script>",https://fareharbor.com/embeds/book/tahkosafarit/items/666784/?asn=fhdn-eur&asn-ref=alloutdooradventures&ref=alloutdooradventures&bookable-only=yes&full-items=yes&marketplace=yes&flow=no,https://cdn.filestackcontent.com/jMmrhf8UReOVhwvkitcs
Tahko Safarit,tahkosafarit,sales@tahkosafarit.fi,+358400202303,Finland/Pohjois-Savo/Tahkovuori,,,666828,Tahko Amazing Adventure / Tahko Safaris,Walking Tour,1,80,0,https://fareharbor.com/embeds/calendar/tahkosafarit/items/666828/?asn=fhdn-eur&asn-ref=alloutdooradventures&ref=alloutdooradventures&bookable-only=yes&full-items=yes&marketplace=yes&flow=no,"<script src=""https://fareharbor.com/embeds/script/calendar/tahkosafarit/items/666828/?asn=fhdn-eur&asn-ref=alloutdooradventures&ref=alloutdooradventures&bookable-only=yes&full-items=yes&marketplace=yes&flow=no""></script>",https://fareharbor.com/embeds/book/tahkosafarit/items/666828/?asn=fhdn-eur&asn-ref=alloutdooradventures&ref=alloutdooradventures&bookable-only=yes&full-items=yes&marketplace=yes&flow=no,https://cdn.filestackcontent.com/Tt8gEhCGTXylPESLMysY
Aurora Village Oy,auroravillage,info@auroravillage.fi,+358104197820,Finland/Lappi/Inari,,,107109,Snowshoe Walk at night,Northern Lights Tour-Walking Tour,5,75,23,https://fareharbor.com/embeds/calendar/auroravillage/items/107109/?asn=fhdn-eur&asn-ref=alloutdooradventures&ref=alloutdooradventures&bookable-only=yes&full-items=yes&marketplace=yes&flow=no,"<script src=""https://fareharbor.com/embeds/script/calendar/auroravillage/items/107109/?asn=fhdn-eur&asn-ref=alloutdooradventures&ref=alloutdooradventures&bookable-only=yes&full-items=yes&marketplace=yes&flow=no""></script>",https://fareharbor.com/embeds/book/auroravillage/items/107109/?asn=fhdn-eur&asn-ref=alloutdooradventures&ref=alloutdooradventures&bookable-only=yes&full-items=yes&marketplace=yes&flow=no,https://cdn.filestackcontent.com/ylat0lTQJyyocvlv1Fjt
Aurora Village Oy,auroravillage,info@auroravillage.fi,+358104197820,Finland/Lappi/Inari,,,407925,6 hours Taiga Trail Ride,Horse,7,75,0,https://fareharbor.com/embeds/calendar/auroravillage/items/407925/?asn=fhdn-eur&asn-ref=alloutdooradventures&ref=alloutdooradventures&bookable-only=yes&full-items=yes&marketplace=yes&flow=no,"<script src=""https://fareharbor.com/embeds/script/calendar/auroravillage/items/407925/?asn=fhdn-eur&asn-ref=alloutdooradventures&ref=alloutdooradventures&bookable-only=yes&full-items=yes&marketplace=yes&flow=no""></script>",https://fareharbor.com/embeds/book/auroravillage/items/407925/?asn=fhdn-eur&asn-ref=alloutdooradventures&ref=alloutdooradventures&bookable-only=yes&full-items=yes&marketplace=yes&flow=no,https://cdn.filestackcontent.com/R4lIemb1TeuLTxuDnqAD
Aurora Village Oy,auroravillage,info@auroravillage.fi,+358104197820,Finland/Lappi/Inari,,,107262,Hiking in the UKK National Park,Hiking,5,74,79,https://fareharbor.com/embeds/calendar/auroravillage/items/107262/?asn=fhdn-eur&asn-ref=alloutdooradventures&ref=alloutdooradventures&bookable-only=yes&full-items=yes&marketplace=yes&flow=no,"<script src=""https://fareharbor.com/embeds/script/calendar/auroravillage/items/107262/?asn=fhdn-eur&asn-ref=alloutdooradventures&ref=alloutdooradventures&bookable-only=yes&full-items=yes&marketplace=yes&flow=no""></script>",https://fareharbor.com/embeds/book/auroravillage/items/107262/?asn=fhdn-eur&asn-ref=alloutdooradventures&ref=alloutdooradventures&bookable-only=yes&full-items=yes&marketplace=yes&flow=no,https://cdn.filestackcontent.com/JrvI3QZhQhKOBgjNMrKH
Arctic nature trips Ltd Oy,arcticnature,tuuliatyystala@gmail.com,+358400583859,Finland/Lappi/Simo,,,629760,2-Hour ride Cross-Country Horseback Safari without transport,Horse,2,73,114,https://fareharbor.com/embeds/calendar/arcticnature/items/629760/?asn=fhdn-eur&asn-ref=alloutdooradventures&ref=alloutdooradventures&bookable-only=yes&full-items=yes&marketplace=yes&flow=no,"<script src=""https://fareharbor.com/embeds/script/calendar/arcticnature/items/629760/?asn=fhdn-eur&asn-ref=alloutdooradventures&ref=alloutdooradventures&bookable-only=yes&full-items=yes&marketplace=yes&flow=no""></script>",https://fareharbor.com/embeds/book/arcticnature/items/629760/?asn=fhdn-eur&asn-ref=alloutdooradventures&ref=alloutdooradventures&bookable-only=yes&full-items=yes&marketplace=yes&flow=no,https://cdn.filestackcontent.com/L1CcFAfCTKyemwOKLlBH
Arctic nature trips Ltd Oy,arcticnature,tuuliatyystala@gmail.com,+358400583859,Finland/Lappi/Simo,,,629725,Simo 1-Hour Trail Ride without transport,Horse,2,71,573,https://fareharbor.com/embeds/calendar/arcticnature/items/629725/?asn=fhdn-eur&asn-ref=alloutdooradventures&ref=alloutdooradventures&bookable-only=yes&full-items=yes&marketplace=yes&flow=no,"<script src=""https://fareharbor.com/embeds/script/calendar/arcticnature/items/629725/?asn=fhdn-eur&asn-ref=alloutdooradventures&ref=alloutdooradventures&bookable-only=yes&full-items=yes&marketplace=yes&flow=no""></script>",https://fareharbor.com/embeds/book/arcticnature/items/629725/?asn=fhdn-eur&asn-ref=alloutdooradventures&ref=alloutdooradventures&bookable-only=yes&full-items=yes&marketplace=yes&flow=no,https://cdn.filestackcontent.com/E9ZvmFyTTfy0utm9YKlC
Arctic nature trips Ltd Oy,arcticnature,tuuliatyystala@gmail.com,+358400583859,Finland/Lappi/Simo,,,629754,Simo 1-Hour Trail Ride with transport,Horse,1,71,351,https://fareharbor.com/embeds/calendar/arcticnature/items/629754/?asn=fhdn-eur&asn-ref=alloutdooradventures&ref=alloutdooradventures&bookable-only=yes&full-items=yes&marketplace=yes&flow=no,"<script src=""https://fareharbor.com/embeds/script/calendar/arcticnature/items/629754/?asn=fhdn-eur&asn-ref=alloutdooradventures&ref=alloutdooradventures&bookable-only=yes&full-items=yes&marketplace=yes&flow=no""></script>",https://fareharbor.com/embeds/book/arcticnature/items/629754/?asn=fhdn-eur&asn-ref=alloutdooradventures&ref=alloutdooradventures&bookable-only=yes&full-items=yes&marketplace=yes&flow=no,https://cdn.filestackcontent.com/zeyiSRZsT0yZApN8SlkI
Arctic nature trips Ltd Oy,arcticnature,tuuliatyystala@gmail.com,+358400583859,Finland/Lappi/Simo,,,629765,2-Hour ride Cross-Country Horseback Safari with transport,Horse,2,70,342,https://fareharbor.com/embeds/calendar/arcticnature/items/629765/?asn=fhdn-eur&asn-ref=alloutdooradventures&ref=alloutdooradventures&bookable-only=yes&full-items=yes&marketplace=yes&flow=no,"<script src=""https://fareharbor.com/embeds/script/calendar/arcticnature/items/629765/?asn=fhdn-eur&asn-ref=alloutdooradventures&ref=alloutdooradventures&bookable-only=yes&full-items=yes&marketplace=yes&flow=no""></script>",https://fareharbor.com/embeds/book/arcticnature/items/629765/?asn=fhdn-eur&asn-ref=alloutdooradventures&ref=alloutdooradventures&bookable-only=yes&full-items=yes&marketplace=yes&flow=no,https://cdn.filestackcontent.com/bGXUj5WoTvQ9cNGPlSvG
Tahko Safarit,tahkosafarit,sales@tahkosafarit.fi,+358400202303,Finland/Pohjois-Savo/Kuopio,,,666835,Tahko Star Tour Hiking 3h,Hiking,1,69,1112,https://fareharbor.com/embeds/calendar/tahkosafarit/items/666835/?asn=fhdn-eur&asn-ref=alloutdooradventures&ref=alloutdooradventures&bookable-only=yes&full-items=yes&marketplace=yes&flow=no,"<script src=""https://fareharbor.com/embeds/script/calendar/tahkosafarit/items/666835/?asn=fhdn-eur&asn-ref=alloutdooradventures&ref=alloutdooradventures&bookable-only=yes&full-items=yes&marketplace=yes&flow=no""></script>",https://fareharbor.com/embeds/book/tahkosafarit/items/666835/?asn=fhdn-eur&asn-ref=alloutdooradventures&ref=alloutdooradventures&bookable-only=yes&full-items=yes&marketplace=yes&flow=no,https://cdn.filestackcontent.com/XKKSWOM8QcCBNuIqLSEL
Aurora Village Oy,auroravillage,info@auroravillage.fi,+358104197820,Finland/Lappi/Inari,,,302221,Packraft Rental - Barracuda R2 Pro,Rafting,1,68,0,https://fareharbor.com/embeds/calendar/auroravillage/items/302221/?asn=fhdn-eur&asn-ref=alloutdooradventures&ref=alloutdooradventures&bookable-only=yes&full-items=yes&marketplace=yes&flow=no,"<script src=""https://fareharbor.com/embeds/script/calendar/auroravillage/items/302221/?asn=fhdn-eur&asn-ref=alloutdooradventures&ref=alloutdooradventures&bookable-only=yes&full-items=yes&marketplace=yes&flow=no""></script>",https://fareharbor.com/embeds/book/auroravillage/items/302221/?asn=fhdn-eur&asn-ref=alloutdooradventures&ref=alloutdooradventures&bookable-only=yes&full-items=yes&marketplace=yes&flow=no,https://cdn.filestackcontent.com/xY57QQ4qRWuhIsSfMJ5B
Arctic nature trips Ltd Oy,arcticnature,tuuliatyystala@gmail.com,+358400583859,Finland/Lappi/Simo,,,629768,Late Night Winter Ride – Northern Lights Horseback Safari,Horse,2,68,37,https://fareharbor.com/embeds/calendar/arcticnature/items/629768/?asn=fhdn-eur&asn-ref=alloutdooradventures&ref=alloutdooradventures&bookable-only=yes&full-items=yes&marketplace=yes&flow=no,"<script src=""https://fareharbor.com/embeds/script/calendar/arcticnature/items/629768/?asn=fhdn-eur&asn-ref=alloutdooradventures&ref=alloutdooradventures&bookable-only=yes&full-items=yes&marketplace=yes&flow=no""></script>",https://fareharbor.com/embeds/book/arcticnature/items/629768/?asn=fhdn-eur&asn-ref=alloutdooradventures&ref=alloutdooradventures&bookable-only=yes&full-items=yes&marketplace=yes&flow=no,https://cdn.filestackcontent.com/nT1pHrT7e7E1ve9jXdQ4
Aurora Village Oy,auroravillage,info@auroravillage.fi,+358104197820,Finland/Lappi/Inari,,,107228,Fatbike Forest Trail,Hiking,3,67,78,https://fareharbor.com/embeds/calendar/auroravillage/items/107228/?asn=fhdn-eur&asn-ref=alloutdooradventures&ref=alloutdooradventures&bookable-only=yes&full-items=yes&marketplace=yes&flow=no,"<script src=""https://fareharbor.com/embeds/script/calendar/auroravillage/items/107228/?asn=fhdn-eur&asn-ref=alloutdooradventures&ref=alloutdooradventures&bookable-only=yes&full-items=yes&marketplace=yes&flow=no""></script>",https://fareharbor.com/embeds/book/auroravillage/items/107228/?asn=fhdn-eur&asn-ref=alloutdooradventures&ref=alloutdooradventures&bookable-only=yes&full-items=yes&marketplace=yes&flow=no,https://cdn.filestackcontent.com/vO1QvtDRGW0BZryFyRqQ
Aurora Village Oy,auroravillage,info@auroravillage.fi,+358104197820,Finland/Lappi/Inari,,,107266,Fat bike Tour,Bike Tour,3,67,0,https://fareharbor.com/embeds/calendar/auroravillage/items/107266/?asn=fhdn-eur&asn-ref=alloutdooradventures&ref=alloutdooradventures&bookable-only=yes&full-items=yes&marketplace=yes&flow=no,"<script src=""https://fareharbor.com/embeds/script/calendar/auroravillage/items/107266/?asn=fhdn-eur&asn-ref=alloutdooradventures&ref=alloutdooradventures&bookable-only=yes&full-items=yes&marketplace=yes&flow=no""></script>",https://fareharbor.com/embeds/book/auroravillage/items/107266/?asn=fhdn-eur&asn-ref=alloutdooradventures&ref=alloutdooradventures&bookable-only=yes&full-items=yes&marketplace=yes&flow=no,https://cdn.filestackcontent.com/UXCw4aihRyqfRHixSCrZ
Hetta Huskies,hettahuskies,info@hettahuskies.com,+358 40 353 2076,Finland/Lappi/Enontekiö,,,323256,Ounasjöki River,Canoe-Transfer-Private-Transportation,1,67,0,https://fareharbor.com/embeds/calendar/hettahuskies/items/323256/?asn=fhdn-eur&asn-ref=alloutdooradventures&ref=alloutdooradventures&bookable-only=yes&full-items=yes&marketplace=yes&flow=no,"<script src=""https://fareharbor.com/embeds/script/calendar/hettahuskies/items/323256/?asn=fhdn-eur&asn-ref=alloutdooradventures&ref=alloutdooradventures&bookable-only=yes&full-items=yes&marketplace=yes&flow=no""></script>",https://fareharbor.com/embeds/book/hettahuskies/items/323256/?asn=fhdn-eur&asn-ref=alloutdooradventures&ref=alloutdooradventures&bookable-only=yes&full-items=yes&marketplace=yes&flow=no,https://cdn.filestackcontent.com/jS7ssQEWScRuUIGZVIbZ
Aurora Village Oy,auroravillage,info@auroravillage.fi,+358104197820,Finland/Lappi/Inari,,,372335,Hiking to Otsamo Fell,Hiking-Walking Tour,5,64,0,https://fareharbor.com/embeds/calendar/auroravillage/items/372335/?asn=fhdn-eur&asn-ref=alloutdooradventures&ref=alloutdooradventures&bookable-only=yes&full-items=yes&marketplace=yes&flow=no,"<script src=""https://fareharbor.com/embeds/script/calendar/auroravillage/items/372335/?asn=fhdn-eur&asn-ref=alloutdooradventures&ref=alloutdooradventures&bookable-only=yes&full-items=yes&marketplace=yes&flow=no""></script>",https://fareharbor.com/embeds/book/auroravillage/items/372335/?asn=fhdn-eur&asn-ref=alloutdooradventures&ref=alloutdooradventures&bookable-only=yes&full-items=yes&marketplace=yes&flow=no,https://cdn.filestackcontent.com/OoDHQTOKSNqr3Ss2uKN7
Arctic nature trips Ltd Oy,arcticnature,tuuliatyystala@gmail.com,+358400583859,Finland/Lappi/Rovaniemi,25.733033,66.502509,629773,Midnight Sun Ride in Rovaniemi – With Optional Transport Included,Horse,2,63,60,https://fareharbor.com/embeds/calendar/arcticnature/items/629773/?asn=fhdn-eur&asn-ref=alloutdooradventures&ref=alloutdooradventures&bookable-only=yes&full-items=yes&marketplace=yes&flow=no,"<script src=""https://fareharbor.com/embeds/script/calendar/arcticnature/items/629773/?asn=fhdn-eur&asn-ref=alloutdooradventures&ref=alloutdooradventures&bookable-only=yes&full-items=yes&marketplace=yes&flow=no""></script>",https://fareharbor.com/embeds/book/arcticnature/items/629773/?asn=fhdn-eur&asn-ref=alloutdooradventures&ref=alloutdooradventures&bookable-only=yes&full-items=yes&marketplace=yes&flow=no,https://cdn.filestackcontent.com/aw7OviOzT9qXqgtLyLni
Aurora Village Oy,auroravillage,info@auroravillage.fi,+358104197820,Finland/Lappi/Inari,,,338688,Hiking to Jäniskoski - Inari,Hiking-Transportation-Winter Activities,4,61,0,https://fareharbor.com/embeds/calendar/auroravillage/items/338688/?asn=fhdn-eur&asn-ref=alloutdooradventures&ref=alloutdooradventures&bookable-only=yes&full-items=yes&marketplace=yes&flow=no,"<script src=""https://fareharbor.com/embeds/script/calendar/auroravillage/items/338688/?asn=fhdn-eur&asn-ref=alloutdooradventures&ref=alloutdooradventures&bookable-only=yes&full-items=yes&marketplace=yes&flow=no""></script>",https://fareharbor.com/embeds/book/auroravillage/items/338688/?asn=fhdn-eur&asn-ref=alloutdooradventures&ref=alloutdooradventures&bookable-only=yes&full-items=yes&marketplace=yes&flow=no,https://cdn.filestackcontent.com/JEqTdr1GQWlwvz4VCYsQ
Aurora Village Oy,auroravillage,info@auroravillage.fi,+358104197820,Finland/Lappi/Inari,,,310325,SUP board rental - Inflatable CoolSurf SAIL Paddleboard,Boat Tour-Sailing-SUP-Transportation,8,60,0,https://fareharbor.com/embeds/calendar/auroravillage/items/310325/?asn=fhdn-eur&asn-ref=alloutdooradventures&ref=alloutdooradventures&bookable-only=yes&full-items=yes&marketplace=yes&flow=no,"<script src=""https://fareharbor.com/embeds/script/calendar/auroravillage/items/310325/?asn=fhdn-eur&asn-ref=alloutdooradventures&ref=alloutdooradventures&bookable-only=yes&full-items=yes&marketplace=yes&flow=no""></script>",https://fareharbor.com/embeds/book/auroravillage/items/310325/?asn=fhdn-eur&asn-ref=alloutdooradventures&ref=alloutdooradventures&bookable-only=yes&full-items=yes&marketplace=yes&flow=no,https://cdn.filestackcontent.com/E2jVu1eGREyphkCzom8w
Hetta Huskies,hettahuskies,info@hettahuskies.com,+358 40 353 2076,Finland/Lappi/Enontekiö,,,323255,Käkkälöjoki River,Canoe-Transfer-Private-Transportation,1,60,0,https://fareharbor.com/embeds/calendar/hettahuskies/items/323255/?asn=fhdn-eur&asn-ref=alloutdooradventures&ref=alloutdooradventures&bookable-only=yes&full-items=yes&marketplace=yes&flow=no,"<script src=""https://fareharbor.com/embeds/script/calendar/hettahuskies/items/323255/?asn=fhdn-eur&asn-ref=alloutdooradventures&ref=alloutdooradventures&bookable-only=yes&full-items=yes&marketplace=yes&flow=no""></script>",https://fareharbor.com/embeds/book/hettahuskies/items/323255/?asn=fhdn-eur&asn-ref=alloutdooradventures&ref=alloutdooradventures&bookable-only=yes&full-items=yes&marketplace=yes&flow=no,https://cdn.filestackcontent.com/TDTuZ1pRTtyZTvZ8OKiB
Kiruna Guidetur,kirunaguidetur,info@kirunaguidetur.com,46 980 81110,Sweden/Norrbottens län/Kiruna,,,563090,Self-Guided tour to Icehotel,Transfer-Walking Tour,1,59,53,https://fareharbor.com/embeds/calendar/kirunaguidetur/items/563090/?asn=fhdn-sek&asn-ref=alloutdooradventures&ref=alloutdooradventures&bookable-only=yes&full-items=yes&marketplace=yes&flow=no,"<script src=""https://fareharbor.com/embeds/script/calendar/kirunaguidetur/items/563090/?asn=fhdn-sek&asn-ref=alloutdooradventures&ref=alloutdooradventures&bookable-only=yes&full-items=yes&marketplace=yes&flow=no""></script>",https://fareharbor.com/embeds/book/kirunaguidetur/items/563090/?asn=fhdn-sek&asn-ref=alloutdooradventures&ref=alloutdooradventures&bookable-only=yes&full-items=yes&marketplace=yes&flow=no,https://cdn.filestackcontent.com/4ivFqaoCQay2GrMlSKOl
Kiruna Guidetur,kirunaguidetur,info@kirunaguidetur.com,46 980 81110,Sweden/Norrbottens län/Kiruna,,,563324,Canoe Day Tour,Canoe,1,59,0,https://fareharbor.com/embeds/calendar/kirunaguidetur/items/563324/?asn=fhdn-sek&asn-ref=alloutdooradventures&ref=alloutdooradventures&bookable-only=yes&full-items=yes&marketplace=yes&flow=no,"<script src=""https://fareharbor.com/embeds/script/calendar/kirunaguidetur/items/563324/?asn=fhdn-sek&asn-ref=alloutdooradventures&ref=alloutdooradventures&bookable-only=yes&full-items=yes&marketplace=yes&flow=no""></script>",https://fareharbor.com/embeds/book/kirunaguidetur/items/563324/?asn=fhdn-sek&asn-ref=alloutdooradventures&ref=alloutdooradventures&bookable-only=yes&full-items=yes&marketplace=yes&flow=no,https://cdn.filestackcontent.com/mZK2rLhSRMC52TRJzkt3
Kiruna Guidetur,kirunaguidetur,info@kirunaguidetur.com,46 980 81110,Sweden/Norrbottens län/Kiruna,,,563328,Canoe/Kayak Rental,Canoe-Kayak,1,59,0,https://fareharbor.com/embeds/calendar/kirunaguidetur/items/563328/?asn=fhdn-sek&asn-ref=alloutdooradventures&ref=alloutdooradventures&bookable-only=yes&full-items=yes&marketplace=yes&flow=no,"<script src=""https://fareharbor.com/embeds/script/calendar/kirunaguidetur/items/563328/?asn=fhdn-sek&asn-ref=alloutdooradventures&ref=alloutdooradventures&bookable-only=yes&full-items=yes&marketplace=yes&flow=no""></script>",https://fareharbor.com/embeds/book/kirunaguidetur/items/563328/?asn=fhdn-sek&asn-ref=alloutdooradventures&ref=alloutdooradventures&bookable-only=yes&full-items=yes&marketplace=yes&flow=no,https://cdn.filestackcontent.com/IYEytHpnQGmhlhm4mUdl
Hetta Huskies,hettahuskies,info@hettahuskies.com,+358 40 353 2076,Finland/Lappi/Enontekiö,,,270249,Hike with Huskies: Ullatieva Trail,Hiking,1,58,92,https://fareharbor.com/embeds/calendar/hettahuskies/items/270249/?asn=fhdn-eur&asn-ref=alloutdooradventures&ref=alloutdooradventures&bookable-only=yes&full-items=yes&marketplace=yes&flow=no,"<script src=""https://fareharbor.com/embeds/script/calendar/hettahuskies/items/270249/?asn=fhdn-eur&asn-ref=alloutdooradventures&ref=alloutdooradventures&bookable-only=yes&full-items=yes&marketplace=yes&flow=no""></script>",https://fareharbor.com/embeds/book/hettahuskies/items/270249/?asn=fhdn-eur&asn-ref=alloutdooradventures&ref=alloutdooradventures&bookable-only=yes&full-items=yes&marketplace=yes&flow=no,https://cdn.filestackcontent.com/760WRcRARna3zQXyeihh
SunLines,sunlines,sunlines@sunlines.fi,,Finland/Uusimaa/Helsinki,,,407292,Party Cruise,Boat Tour,4,58,51,https://fareharbor.com/embeds/calendar/sunlines/items/407292/?asn=fhdn-eur&asn-ref=alloutdooradventures&ref=alloutdooradventures&bookable-only=yes&full-items=yes&marketplace=yes&flow=no,"<script src=""https://fareharbor.com/embeds/script/calendar/sunlines/items/407292/?asn=fhdn-eur&asn-ref=alloutdooradventures&ref=alloutdooradventures&bookable-only=yes&full-items=yes&marketplace=yes&flow=no""></script>",https://fareharbor.com/embeds/book/sunlines/items/407292/?asn=fhdn-eur&asn-ref=alloutdooradventures&ref=alloutdooradventures&bookable-only=yes&full-items=yes&marketplace=yes&flow=no,https://cdn.filestackcontent.com/yhlalYMXQM6KriPsNgpm
Kiruna Guidetur,kirunaguidetur,info@kirunaguidetur.com,46 980 81110,Sweden/Norrbottens län/Kiruna,,,563035,Hiking in Kurravaara,Walking Tour,1,58,0,https://fareharbor.com/embeds/calendar/kirunaguidetur/items/563035/?asn=fhdn-sek&asn-ref=alloutdooradventures&ref=alloutdooradventures&bookable-only=yes&full-items=yes&marketplace=yes&flow=no,"<script src=""https://fareharbor.com/embeds/script/calendar/kirunaguidetur/items/563035/?asn=fhdn-sek&asn-ref=alloutdooradventures&ref=alloutdooradventures&bookable-only=yes&full-items=yes&marketplace=yes&flow=no""></script>",https://fareharbor.com/embeds/book/kirunaguidetur/items/563035/?asn=fhdn-sek&asn-ref=alloutdooradventures&ref=alloutdooradventures&bookable-only=yes&full-items=yes&marketplace=yes&flow=no,https://cdn.filestackcontent.com/Hy4ge0TRQpOJmqklKPLq
Arctic nature trips Ltd Oy,arcticnature,tuuliatyystala@gmail.com,+358400583859,Finland/Lappi/Simo,,,629770,Midnight Sun Ride in Simo – Summer Nights in Lapland,Horse,3,58,60,https://fareharbor.com/embeds/calendar/arcticnature/items/629770/?asn=fhdn-eur&asn-ref=alloutdooradventures&ref=alloutdooradventures&bookable-only=yes&full-items=yes&marketplace=yes&flow=no,"<script src=""https://fareharbor.com/embeds/script/calendar/arcticnature/items/629770/?asn=fhdn-eur&asn-ref=alloutdooradventures&ref=alloutdooradventures&bookable-only=yes&full-items=yes&marketplace=yes&flow=no""></script>",https://fareharbor.com/embeds/book/arcticnature/items/629770/?asn=fhdn-eur&asn-ref=alloutdooradventures&ref=alloutdooradventures&bookable-only=yes&full-items=yes&marketplace=yes&flow=no,https://cdn.filestackcontent.com/mM4L4hX3R3CuTP2lQUHT
Hetta Huskies,hettahuskies,info@hettahuskies.com,+358 40 353 2076,Finland/Lappi/Enontekiö,,,249236,Highly Recommended 2 to-4 hour Paddle Trip: Suonttajoki River & Lake Ounasjärvi,Boat Rental-Boat Tour-Canoe-Rentals,4,57,0,https://fareharbor.com/embeds/calendar/hettahuskies/items/249236/?asn=fhdn-eur&asn-ref=alloutdooradventures&ref=alloutdooradventures&bookable-only=yes&full-items=yes&marketplace=yes&flow=no,"<script src=""https://fareharbor.com/embeds/script/calendar/hettahuskies/items/249236/?asn=fhdn-eur&asn-ref=alloutdooradventures&ref=alloutdooradventures&bookable-only=yes&full-items=yes&marketplace=yes&flow=no""></script>",https://fareharbor.com/embeds/book/hettahuskies/items/249236/?asn=fhdn-eur&asn-ref=alloutdooradventures&ref=alloutdooradventures&bookable-only=yes&full-items=yes&marketplace=yes&flow=no,https://cdn.filestackcontent.com/wg0o3pZnTgiE4LoZ3Zcy
Polar Lights Tours,polarlightstours,info@polarlightstours.fi,+358 30 047 2017,Finland/Lappi/Levi,,,594619,Horseback Riding Lessons,Horse,3,57,0,https://fareharbor.com/embeds/calendar/polarlightstours/items/594619/?asn=fhdn-eur&asn-ref=alloutdooradventures&ref=alloutdooradventures&bookable-only=yes&full-items=yes&marketplace=yes&flow=no,"<script src=""https://fareharbor.com/embeds/script/calendar/polarlightstours/items/594619/?asn=fhdn-eur&asn-ref=alloutdooradventures&ref=alloutdooradventures&bookable-only=yes&full-items=yes&marketplace=yes&flow=no""></script>",https://fareharbor.com/embeds/book/polarlightstours/items/594619/?asn=fhdn-eur&asn-ref=alloutdooradventures&ref=alloutdooradventures&bookable-only=yes&full-items=yes&marketplace=yes&flow=no,https://cdn.filestackcontent.com/UgNkRS9fSGOyYZu3DWcn
Hetta Huskies,hettahuskies,info@hettahuskies.com,+358 40 353 2076,Finland/Lappi/Enontekiö,,,163264,Hike with Huskies: Short Ridge Walk,Farm-Hiking-Walking Tour,1,54,0,https://fareharbor.com/embeds/calendar/hettahuskies/items/163264/?asn=fhdn-eur&asn-ref=alloutdooradventures&ref=alloutdooradventures&bookable-only=yes&full-items=yes&marketplace=yes&flow=no,"<script src=""https://fareharbor.com/embeds/script/calendar/hettahuskies/items/163264/?asn=fhdn-eur&asn-ref=alloutdooradventures&ref=alloutdooradventures&bookable-only=yes&full-items=yes&marketplace=yes&flow=no""></script>",https://fareharbor.com/embeds/book/hettahuskies/items/163264/?asn=fhdn-eur&asn-ref=alloutdooradventures&ref=alloutdooradventures&bookable-only=yes&full-items=yes&marketplace=yes&flow=no,https://cdn.filestackcontent.com/o8SNJCQTNCPoGuIJytoS
Sointumetsä Oy,sointumetsa,info@sointumetsa.fi,35840172082,Finland/Lappi/Keminmaa,,,649108,"Nature Experience with Forest walk, Nature connection exercise and Outdoor dining",Eco Tour,1,54,360,https://fareharbor.com/embeds/calendar/sointumetsa/items/649108/?asn=fhdn-eur&asn-ref=alloutdooradventures&ref=alloutdooradventures&bookable-only=yes&full-items=yes&marketplace=yes&flow=no,"<script src=""https://fareharbor.com/embeds/script/calendar/sointumetsa/items/649108/?asn=fhdn-eur&asn-ref=alloutdooradventures&ref=alloutdooradventures&bookable-only=yes&full-items=yes&marketplace=yes&flow=no""></script>",https://fareharbor.com/embeds/book/sointumetsa/items/649108/?asn=fhdn-eur&asn-ref=alloutdooradventures&ref=alloutdooradventures&bookable-only=yes&full-items=yes&marketplace=yes&flow=no,https://cdn.filestackcontent.com/vbJBSIDTDKUvrtas3mCg
Sointumetsä Oy,sointumetsa,info@sointumetsa.fi,35840172082,Finland/Lappi/Keminmaa,,,649119,Nature Experience & Forest Retreat,Eco Tour,1,54,336,https://fareharbor.com/embeds/calendar/sointumetsa/items/649119/?asn=fhdn-eur&asn-ref=alloutdooradventures&ref=alloutdooradventures&bookable-only=yes&full-items=yes&marketplace=yes&flow=no,"<script src=""https://fareharbor.com/embeds/script/calendar/sointumetsa/items/649119/?asn=fhdn-eur&asn-ref=alloutdooradventures&ref=alloutdooradventures&bookable-only=yes&full-items=yes&marketplace=yes&flow=no""></script>",https://fareharbor.com/embeds/book/sointumetsa/items/649119/?asn=fhdn-eur&asn-ref=alloutdooradventures&ref=alloutdooradventures&bookable-only=yes&full-items=yes&marketplace=yes&flow=no,https://cdn.filestackcontent.com/O7InRELHQ3OjM2mkNazw
Hetta Huskies,hettahuskies,info@hettahuskies.com,+358 40 353 2076,Finland/Lappi/Enontekiö,,,270253,Jyppyrä Trail,Climbing,6,53,0,https://fareharbor.com/embeds/calendar/hettahuskies/items/270253/?asn=fhdn-eur&asn-ref=alloutdooradventures&ref=alloutdooradventures&bookable-only=yes&full-items=yes&marketplace=yes&flow=no,"<script src=""https://fareharbor.com/embeds/script/calendar/hettahuskies/items/270253/?asn=fhdn-eur&asn-ref=alloutdooradventures&ref=alloutdooradventures&bookable-only=yes&full-items=yes&marketplace=yes&flow=no""></script>",https://fareharbor.com/embeds/book/hettahuskies/items/270253/?asn=fhdn-eur&asn-ref=alloutdooradventures&ref=alloutdooradventures&bookable-only=yes&full-items=yes&marketplace=yes&flow=no,https://cdn.filestackcontent.com/qkFkCeQuWZnuEha0jXA8
Sointumetsä Oy,sointumetsa,info@sointumetsa.fi,35840172082,Finland/Lappi/Keminmaa,,,648921,Christmas Magic in the Forest,Eco Tour,1,53,0,https://fareharbor.com/embeds/calendar/sointumetsa/items/648921/?asn=fhdn-eur&asn-ref=alloutdooradventures&ref=alloutdooradventures&bookable-only=yes&full-items=yes&marketplace=yes&flow=no,"<script src=""https://fareharbor.com/embeds/script/calendar/sointumetsa/items/648921/?asn=fhdn-eur&asn-ref=alloutdooradventures&ref=alloutdooradventures&bookable-only=yes&full-items=yes&marketplace=yes&flow=no""></script>",https://fareharbor.com/embeds/book/sointumetsa/items/648921/?asn=fhdn-eur&asn-ref=alloutdooradventures&ref=alloutdooradventures&bookable-only=yes&full-items=yes&marketplace=yes&flow=no,https://cdn.filestackcontent.com/INyTSiqXQuiHXTq5ozNM
Sointumetsä Oy,sointumetsa,info@sointumetsa.fi,35840172082,Finland/Lappi/Keminmaa,,,648929,Outdoor Cooking and Dinner in the Beautiful Forest,Eco Tour,1,53,186,https://fareharbor.com/embeds/calendar/sointumetsa/items/648929/?asn=fhdn-eur&asn-ref=alloutdooradventures&ref=alloutdooradventures&bookable-only=yes&full-items=yes&marketplace=yes&flow=no,"<script src=""https://fareharbor.com/embeds/script/calendar/sointumetsa/items/648929/?asn=fhdn-eur&asn-ref=alloutdooradventures&ref=alloutdooradventures&bookable-only=yes&full-items=yes&marketplace=yes&flow=no""></script>",https://fareharbor.com/embeds/book/sointumetsa/items/648929/?asn=fhdn-eur&asn-ref=alloutdooradventures&ref=alloutdooradventures&bookable-only=yes&full-items=yes&marketplace=yes&flow=no,https://cdn.filestackcontent.com/q2X3TIrrQk2GkEiNo4Pu
Sointumetsä Oy,sointumetsa,info@sointumetsa.fi,35840172082,Finland/Lappi/Keminmaa,,,649115,Forest Retreat with Sound journey and Outdoor dining,Eco Tour,1,52,360,https://fareharbor.com/embeds/calendar/sointumetsa/items/649115/?asn=fhdn-eur&asn-ref=alloutdooradventures&ref=alloutdooradventures&bookable-only=yes&full-items=yes&marketplace=yes&flow=no,"<script src=""https://fareharbor.com/embeds/script/calendar/sointumetsa/items/649115/?asn=fhdn-eur&asn-ref=alloutdooradventures&ref=alloutdooradventures&bookable-only=yes&full-items=yes&marketplace=yes&flow=no""></script>",https://fareharbor.com/embeds/book/sointumetsa/items/649115/?asn=fhdn-eur&asn-ref=alloutdooradventures&ref=alloutdooradventures&bookable-only=yes&full-items=yes&marketplace=yes&flow=no,https://cdn.filestackcontent.com/xfWegxwHQfKRNAFYv0YR
Hetta Huskies,hettahuskies,info@hettahuskies.com,+358 40 353 2076,Finland/Lappi/Enontekiö,,,117359,2-Hour Snowshoe Hike,Farm-Hiking,6,51,0,https://fareharbor.com/embeds/calendar/hettahuskies/items/117359/?asn=fhdn-eur&asn-ref=alloutdooradventures&ref=alloutdooradventures&bookable-only=yes&full-items=yes&marketplace=yes&flow=no,"<script src=""https://fareharbor.com/embeds/script/calendar/hettahuskies/items/117359/?asn=fhdn-eur&asn-ref=alloutdooradventures&ref=alloutdooradventures&bookable-only=yes&full-items=yes&marketplace=yes&flow=no""></script>",https://fareharbor.com/embeds/book/hettahuskies/items/117359/?asn=fhdn-eur&asn-ref=alloutdooradventures&ref=alloutdooradventures&bookable-only=yes&full-items=yes&marketplace=yes&flow=no,https://cdn.filestackcontent.com/MknMJmzySJ2JGKUZN9jV
Kiruna Guidetur,kirunaguidetur,info@kirunaguidetur.com,46 980 81110,Sweden/Norrbottens län/Kiruna,,,563339,Moose Safari on Horseback,Horse,1,51,0,https://fareharbor.com/embeds/calendar/kirunaguidetur/items/563339/?asn=fhdn-sek&asn-ref=alloutdooradventures&ref=alloutdooradventures&bookable-only=yes&full-items=yes&marketplace=yes&flow=no,"<script src=""https://fareharbor.com/embeds/script/calendar/kirunaguidetur/items/563339/?asn=fhdn-sek&asn-ref=alloutdooradventures&ref=alloutdooradventures&bookable-only=yes&full-items=yes&marketplace=yes&flow=no""></script>",https://fareharbor.com/embeds/book/kirunaguidetur/items/563339/?asn=fhdn-sek&asn-ref=alloutdooradventures&ref=alloutdooradventures&bookable-only=yes&full-items=yes&marketplace=yes&flow=no,https://cdn.filestackcontent.com/0ydkD8mYTyGyV89qqgeb
Off-Piste Adventures Oy,off-pisteadventuresoy,outisenratsastuskeskus@gmail.com,358409639807,Finland/Lappi/Kemijärvi,,,612245,Trail riding 1.5 hours,Horse,1,51,154,https://fareharbor.com/embeds/calendar/off-pisteadventuresoy/items/612245/?asn=fhdn-eur&asn-ref=alloutdooradventures&ref=alloutdooradventures&bookable-only=yes&full-items=yes&marketplace=yes&flow=no,"<script src=""https://fareharbor.com/embeds/script/calendar/off-pisteadventuresoy/items/612245/?asn=fhdn-eur&asn-ref=alloutdooradventures&ref=alloutdooradventures&bookable-only=yes&full-items=yes&marketplace=yes&flow=no""></script>",https://fareharbor.com/embeds/book/off-pisteadventuresoy/items/612245/?asn=fhdn-eur&asn-ref=alloutdooradventures&ref=alloutdooradventures&bookable-only=yes&full-items=yes&marketplace=yes&flow=no,https://cdn.filestackcontent.com/xdpiKiHvT5yoTzIQgD6T
Off-Piste Adventures Oy,off-pisteadventuresoy,outisenratsastuskeskus@gmail.com,358409639807,Finland/Lappi/Kemijärvi,,,612272,Trail riding 2 hours,Horse,1,51,154,https://fareharbor.com/embeds/calendar/off-pisteadventuresoy/items/612272/?asn=fhdn-eur&asn-ref=alloutdooradventures&ref=alloutdooradventures&bookable-only=yes&full-items=yes&marketplace=yes&flow=no,"<script src=""https://fareharbor.com/embeds/script/calendar/off-pisteadventuresoy/items/612272/?asn=fhdn-eur&asn-ref=alloutdooradventures&ref=alloutdooradventures&bookable-only=yes&full-items=yes&marketplace=yes&flow=no""></script>",https://fareharbor.com/embeds/book/off-pisteadventuresoy/items/612272/?asn=fhdn-eur&asn-ref=alloutdooradventures&ref=alloutdooradventures&bookable-only=yes&full-items=yes&marketplace=yes&flow=no,https://cdn.filestackcontent.com/ul3ywcqkQX6QIB0ryJPL
Hetta Huskies,hettahuskies,info@hettahuskies.com,+358 40 353 2076,Finland/Lappi/Enontekiö,,,163265,4 Hour Paddle with small rapid: Lake Muotkajärvi - Lake Ounasjärvi,Boat Tour-Farm-Transfer-Private,3,50,0,https://fareharbor.com/embeds/calendar/hettahuskies/items/163265/?asn=fhdn-eur&asn-ref=alloutdooradventures&ref=alloutdooradventures&bookable-only=yes&full-items=yes&marketplace=yes&flow=no,"<script src=""https://fareharbor.com/embeds/script/calendar/hettahuskies/items/163265/?asn=fhdn-eur&asn-ref=alloutdooradventures&ref=alloutdooradventures&bookable-only=yes&full-items=yes&marketplace=yes&flow=no""></script>",https://fareharbor.com/embeds/book/hettahuskies/items/163265/?asn=fhdn-eur&asn-ref=alloutdooradventures&ref=alloutdooradventures&bookable-only=yes&full-items=yes&marketplace=yes&flow=no,https://cdn.filestackcontent.com/Zjx4P7t9TeeobPJALY4O
Hetta Huskies,hettahuskies,info@hettahuskies.com,+358 40 353 2076,Finland/Lappi/Enontekiö,23.557683,68.381887,163256,Half Day Summer Adventure,Attraction-Farm-Hiking-Maze,1,49,0,https://fareharbor.com/embeds/calendar/hettahuskies/items/163256/?asn=fhdn-eur&asn-ref=alloutdooradventures&ref=alloutdooradventures&bookable-only=yes&full-items=yes&marketplace=yes&flow=no,"<script src=""https://fareharbor.com/embeds/script/calendar/hettahuskies/items/163256/?asn=fhdn-eur&asn-ref=alloutdooradventures&ref=alloutdooradventures&bookable-only=yes&full-items=yes&marketplace=yes&flow=no""></script>",https://fareharbor.com/embeds/book/hettahuskies/items/163256/?asn=fhdn-eur&asn-ref=alloutdooradventures&ref=alloutdooradventures&bookable-only=yes&full-items=yes&marketplace=yes&flow=no,https://cdn.filestackcontent.com/Ib6KAUyLQGOcp25pbFPO
Lapponia Tours,saariselkabooking,sales@lapponiatours.com,35816667033,Finland/Lappi/Saariselkä,27.427093,68.419946,486724,E-Fat Bike Tour,Bike Tour,1,49,1,https://fareharbor.com/embeds/calendar/saariselkabooking/items/486724/?asn=fhdn-eur&asn-ref=alloutdooradventures&ref=alloutdooradventures&bookable-only=yes&full-items=yes&marketplace=yes&flow=no,"<script src=""https://fareharbor.com/embeds/script/calendar/saariselkabooking/items/486724/?asn=fhdn-eur&asn-ref=alloutdooradventures&ref=alloutdooradventures&bookable-only=yes&full-items=yes&marketplace=yes&flow=no""></script>",https://fareharbor.com/embeds/book/saariselkabooking/items/486724/?asn=fhdn-eur&asn-ref=alloutdooradventures&ref=alloutdooradventures&bookable-only=yes&full-items=yes&marketplace=yes&flow=no,https://cdn.filestackcontent.com/PGpgg0q5SsmJAx6yvWoF
SunLines,sunlines,sunlines@sunlines.fi,,Finland/Uusimaa/Helsinki,,,556883,Love Boat Pro,Boat Tour,4,49,0,https://fareharbor.com/embeds/calendar/sunlines/items/556883/?asn=fhdn-eur&asn-ref=alloutdooradventures&ref=alloutdooradventures&bookable-only=yes&full-items=yes&marketplace=yes&flow=no,"<script src=""https://fareharbor.com/embeds/script/calendar/sunlines/items/556883/?asn=fhdn-eur&asn-ref=alloutdooradventures&ref=alloutdooradventures&bookable-only=yes&full-items=yes&marketplace=yes&flow=no""></script>",https://fareharbor.com/embeds/book/sunlines/items/556883/?asn=fhdn-eur&asn-ref=alloutdooradventures&ref=alloutdooradventures&bookable-only=yes&full-items=yes&marketplace=yes&flow=no,https://cdn.filestackcontent.com/SjugTy3NTKaEGsi7UCxc
Kiruna Guidetur,kirunaguidetur,info@kirunaguidetur.com,46 980 81110,Sweden/Norrbottens län/Kiruna,,,563064,Midnight Sun by Boat,Boat Tour,1,49,0,https://fareharbor.com/embeds/calendar/kirunaguidetur/items/563064/?asn=fhdn-sek&asn-ref=alloutdooradventures&ref=alloutdooradventures&bookable-only=yes&full-items=yes&marketplace=yes&flow=no,"<script src=""https://fareharbor.com/embeds/script/calendar/kirunaguidetur/items/563064/?asn=fhdn-sek&asn-ref=alloutdooradventures&ref=alloutdooradventures&bookable-only=yes&full-items=yes&marketplace=yes&flow=no""></script>",https://fareharbor.com/embeds/book/kirunaguidetur/items/563064/?asn=fhdn-sek&asn-ref=alloutdooradventures&ref=alloutdooradventures&bookable-only=yes&full-items=yes&marketplace=yes&flow=no,https://cdn.filestackcontent.com/YYVTVr7LRziO2nxZ6WnI
Kiruna Guidetur,kirunaguidetur,info@kirunaguidetur.com,46 980 81110,Sweden/Norrbottens län/Kiruna,,,563323,Boat trip with dinner + Icehotel 365 + Nutti Sami Siida,Boat Tour,1,49,0,https://fareharbor.com/embeds/calendar/kirunaguidetur/items/563323/?asn=fhdn-sek&asn-ref=alloutdooradventures&ref=alloutdooradventures&bookable-only=yes&full-items=yes&marketplace=yes&flow=no,"<script src=""https://fareharbor.com/embeds/script/calendar/kirunaguidetur/items/563323/?asn=fhdn-sek&asn-ref=alloutdooradventures&ref=alloutdooradventures&bookable-only=yes&full-items=yes&marketplace=yes&flow=no""></script>",https://fareharbor.com/embeds/book/kirunaguidetur/items/563323/?asn=fhdn-sek&asn-ref=alloutdooradventures&ref=alloutdooradventures&bookable-only=yes&full-items=yes&marketplace=yes&flow=no,https://cdn.filestackcontent.com/Y993z8RSO6dc2TAu9uvH
Kiruna Guidetur,kirunaguidetur,info@kirunaguidetur.com,46 980 81110,Sweden/Norrbottens län/Kiruna,,,563338,Boat Trip With Dinner,Boat Tour-Dinner Boat,1,49,77,https://fareharbor.com/embeds/calendar/kirunaguidetur/items/563338/?asn=fhdn-sek&asn-ref=alloutdooradventures&ref=alloutdooradventures&bookable-only=yes&full-items=yes&marketplace=yes&flow=no,"<script src=""https://fareharbor.com/embeds/script/calendar/kirunaguidetur/items/563338/?asn=fhdn-sek&asn-ref=alloutdooradventures&ref=alloutdooradventures&bookable-only=yes&full-items=yes&marketplace=yes&flow=no""></script>",https://fareharbor.com/embeds/book/kirunaguidetur/items/563338/?asn=fhdn-sek&asn-ref=alloutdooradventures&ref=alloutdooradventures&bookable-only=yes&full-items=yes&marketplace=yes&flow=no,https://cdn.filestackcontent.com/foXIkQISUKPx7lpIpTw7
Kiruna Guidetur,kirunaguidetur,info@kirunaguidetur.com,46 980 81110,Sweden/Norrbottens län/Kiruna,,,563343,Mountain Tour on Horseback,Horse,1,49,0,https://fareharbor.com/embeds/calendar/kirunaguidetur/items/563343/?asn=fhdn-sek&asn-ref=alloutdooradventures&ref=alloutdooradventures&bookable-only=yes&full-items=yes&marketplace=yes&flow=no,"<script src=""https://fareharbor.com/embeds/script/calendar/kirunaguidetur/items/563343/?asn=fhdn-sek&asn-ref=alloutdooradventures&ref=alloutdooradventures&bookable-only=yes&full-items=yes&marketplace=yes&flow=no""></script>",https://fareharbor.com/embeds/book/kirunaguidetur/items/563343/?asn=fhdn-sek&asn-ref=alloutdooradventures&ref=alloutdooradventures&bookable-only=yes&full-items=yes&marketplace=yes&flow=no,https://cdn.filestackcontent.com/NTwCcsmvQdaWsKe9qh6L
Kiruna Guidetur,kirunaguidetur,info@kirunaguidetur.com,46 980 81110,Sweden/Norrbottens län/Kiruna,,,563346,"Horse Ride, Short Tour",Horse,1,49,0,https://fareharbor.com/embeds/calendar/kirunaguidetur/items/563346/?asn=fhdn-sek&asn-ref=alloutdooradventures&ref=alloutdooradventures&bookable-only=yes&full-items=yes&marketplace=yes&flow=no,"<script src=""https://fareharbor.com/embeds/script/calendar/kirunaguidetur/items/563346/?asn=fhdn-sek&asn-ref=alloutdooradventures&ref=alloutdooradventures&bookable-only=yes&full-items=yes&marketplace=yes&flow=no""></script>",https://fareharbor.com/embeds/book/kirunaguidetur/items/563346/?asn=fhdn-sek&asn-ref=alloutdooradventures&ref=alloutdooradventures&bookable-only=yes&full-items=yes&marketplace=yes&flow=no,https://cdn.filestackcontent.com/vW5hS7bTWu8s80MbJBSk
Hetta Huskies,hettahuskies,info@hettahuskies.com,+358 40 353 2076,Finland/Lappi/Enontekiö,,,117378,Palojoki Wilderness Snowmobile Tour (40km),Canoe-Dogsled-Kayak-Snowmobile-Winter Activities,1,48,1,https://fareharbor.com/embeds/calendar/hettahuskies/items/117378/?asn=fhdn-eur&asn-ref=alloutdooradventures&ref=alloutdooradventures&bookable-only=yes&full-items=yes&marketplace=yes&flow=no,"<script src=""https://fareharbor.com/embeds/script/calendar/hettahuskies/items/117378/?asn=fhdn-eur&asn-ref=alloutdooradventures&ref=alloutdooradventures&bookable-only=yes&full-items=yes&marketplace=yes&flow=no""></script>",https://fareharbor.com/embeds/book/hettahuskies/items/117378/?asn=fhdn-eur&asn-ref=alloutdooradventures&ref=alloutdooradventures&bookable-only=yes&full-items=yes&marketplace=yes&flow=no,https://cdn.filestackcontent.com/XnjJMmsRcq3VBo5qhbyw
Aurora Village Oy,auroravillage,info@auroravillage.fi,+358104197820,Finland/Lappi/Inari,,,299174,Packraft Rental - MRS Microraft,Rafting,2,48,0,https://fareharbor.com/embeds/calendar/auroravillage/items/299174/?asn=fhdn-eur&asn-ref=alloutdooradventures&ref=alloutdooradventures&bookable-only=yes&full-items=yes&marketplace=yes&flow=no,"<script src=""https://fareharbor.com/embeds/script/calendar/auroravillage/items/299174/?asn=fhdn-eur&asn-ref=alloutdooradventures&ref=alloutdooradventures&bookable-only=yes&full-items=yes&marketplace=yes&flow=no""></script>",https://fareharbor.com/embeds/book/auroravillage/items/299174/?asn=fhdn-eur&asn-ref=alloutdooradventures&ref=alloutdooradventures&bookable-only=yes&full-items=yes&marketplace=yes&flow=no,https://cdn.filestackcontent.com/GsJJ47tFSnmq3MpGl8Yf
Kiruna Guidetur,kirunaguidetur,info@kirunaguidetur.com,46 980 81110,Sweden/Norrbottens län/Kiruna,,,563057,Exclusive Hiking to Trolljsjön,Hiking,1,48,0,https://fareharbor.com/embeds/calendar/kirunaguidetur/items/563057/?asn=fhdn-sek&asn-ref=alloutdooradventures&ref=alloutdooradventures&bookable-only=yes&full-items=yes&marketplace=yes&flow=no,"<script src=""https://fareharbor.com/embeds/script/calendar/kirunaguidetur/items/563057/?asn=fhdn-sek&asn-ref=alloutdooradventures&ref=alloutdooradventures&bookable-only=yes&full-items=yes&marketplace=yes&flow=no""></script>",https://fareharbor.com/embeds/book/kirunaguidetur/items/563057/?asn=fhdn-sek&asn-ref=alloutdooradventures&ref=alloutdooradventures&bookable-only=yes&full-items=yes&marketplace=yes&flow=no,https://cdn.filestackcontent.com/P0y8cKKyRYaduvUGJH3a
Kiruna Guidetur,kirunaguidetur,info@kirunaguidetur.com,46 980 81110,Sweden/Norrbottens län/Kiruna,,,563069,"Midnight Sun, Dinner in Cabin",Boat Tour,1,48,0,https://fareharbor.com/embeds/calendar/kirunaguidetur/items/563069/?asn=fhdn-sek&asn-ref=alloutdooradventures&ref=alloutdooradventures&bookable-only=yes&full-items=yes&marketplace=yes&flow=no,"<script src=""https://fareharbor.com/embeds/script/calendar/kirunaguidetur/items/563069/?asn=fhdn-sek&asn-ref=alloutdooradventures&ref=alloutdooradventures&bookable-only=yes&full-items=yes&marketplace=yes&flow=no""></script>",https://fareharbor.com/embeds/book/kirunaguidetur/items/563069/?asn=fhdn-sek&asn-ref=alloutdooradventures&ref=alloutdooradventures&bookable-only=yes&full-items=yes&marketplace=yes&flow=no,https://cdn.filestackcontent.com/YdTLv65ITV6RDQfmrBGg
Experience Pyhä,experience-pyha,sales@sundaymorning.fi,+358 50 543 6627,Finland/Lappi/Pyhätunturi,,,636357,Electric Fatbike Adventure,Bike Tour,1,48,70,https://fareharbor.com/embeds/calendar/experience-pyha/items/636357/?asn=fhdn-eur&asn-ref=alloutdooradventures&ref=alloutdooradventures&bookable-only=yes&full-items=yes&marketplace=yes&flow=no,"<script src=""https://fareharbor.com/embeds/script/calendar/experience-pyha/items/636357/?asn=fhdn-eur&asn-ref=alloutdooradventures&ref=alloutdooradventures&bookable-only=yes&full-items=yes&marketplace=yes&flow=no""></script>",https://fareharbor.com/embeds/book/experience-pyha/items/636357/?asn=fhdn-eur&asn-ref=alloutdooradventures&ref=alloutdooradventures&bookable-only=yes&full-items=yes&marketplace=yes&flow=no,https://cdn.filestackcontent.com/ZiH2dkfDQB672LiMh2E8
Experience Pyhä,experience-pyha,sales@sundaymorning.fi,+358 50 543 6627,Finland/Lappi/Pyhätunturi,,,636364,Ice Climbing at Pyhä,Climbing,1,48,70,https://fareharbor.com/embeds/calendar/experience-pyha/items/636364/?asn=fhdn-eur&asn-ref=alloutdooradventures&ref=alloutdooradventures&bookable-only=yes&full-items=yes&marketplace=yes&flow=no,"<script src=""https://fareharbor.com/embeds/script/calendar/experience-pyha/items/636364/?asn=fhdn-eur&asn-ref=alloutdooradventures&ref=alloutdooradventures&bookable-only=yes&full-items=yes&marketplace=yes&flow=no""></script>",https://fareharbor.com/embeds/book/experience-pyha/items/636364/?asn=fhdn-eur&asn-ref=alloutdooradventures&ref=alloutdooradventures&bookable-only=yes&full-items=yes&marketplace=yes&flow=no,https://cdn.filestackcontent.com/z9K14AMS92KcQtecgjPC
Aurora Village Oy,auroravillage,info@auroravillage.fi,+358104197820,Finland/Lappi/Inari,,,299186,Pony riding,Horse,3,47,0,https://fareharbor.com/embeds/calendar/auroravillage/items/299186/?asn=fhdn-eur&asn-ref=alloutdooradventures&ref=alloutdooradventures&bookable-only=yes&full-items=yes&marketplace=yes&flow=no,"<script src=""https://fareharbor.com/embeds/script/calendar/auroravillage/items/299186/?asn=fhdn-eur&asn-ref=alloutdooradventures&ref=alloutdooradventures&bookable-only=yes&full-items=yes&marketplace=yes&flow=no""></script>",https://fareharbor.com/embeds/book/auroravillage/items/299186/?asn=fhdn-eur&asn-ref=alloutdooradventures&ref=alloutdooradventures&bookable-only=yes&full-items=yes&marketplace=yes&flow=no,https://cdn.filestackcontent.com/JthGbcDKSM6pIChABIGg
Aurora Village Oy,auroravillage,info@auroravillage.fi,+358104197820,Finland/Lappi/Inari,,,299452,Packraft Rental - Adventure X2,Rafting,2,47,0,https://fareharbor.com/embeds/calendar/auroravillage/items/299452/?asn=fhdn-eur&asn-ref=alloutdooradventures&ref=alloutdooradventures&bookable-only=yes&full-items=yes&marketplace=yes&flow=no,"<script src=""https://fareharbor.com/embeds/script/calendar/auroravillage/items/299452/?asn=fhdn-eur&asn-ref=alloutdooradventures&ref=alloutdooradventures&bookable-only=yes&full-items=yes&marketplace=yes&flow=no""></script>",https://fareharbor.com/embeds/book/auroravillage/items/299452/?asn=fhdn-eur&asn-ref=alloutdooradventures&ref=alloutdooradventures&bookable-only=yes&full-items=yes&marketplace=yes&flow=no,https://cdn.filestackcontent.com/QjefzPOSShiOuFIwCl0s
Aurora Village Oy,auroravillage,info@auroravillage.fi,+358104197820,Finland/Lappi/Inari,,,470197,Husky hike 1.5-2h  • Ages +10,Farm-Hiking-Transfer-Walking Tour,3,47,0,https://fareharbor.com/embeds/calendar/auroravillage/items/470197/?asn=fhdn-eur&asn-ref=alloutdooradventures&ref=alloutdooradventures&bookable-only=yes&full-items=yes&marketplace=yes&flow=no,"<script src=""https://fareharbor.com/embeds/script/calendar/auroravillage/items/470197/?asn=fhdn-eur&asn-ref=alloutdooradventures&ref=alloutdooradventures&bookable-only=yes&full-items=yes&marketplace=yes&flow=no""></script>",https://fareharbor.com/embeds/book/auroravillage/items/470197/?asn=fhdn-eur&asn-ref=alloutdooradventures&ref=alloutdooradventures&bookable-only=yes&full-items=yes&marketplace=yes&flow=no,https://cdn.filestackcontent.com/3LgLGdEcTzanQNgvA5ft
Kiruna Guidetur,kirunaguidetur,info@kirunaguidetur.com,46 980 81110,Sweden/Norrbottens län/Kiruna,,,563342,Northern Lights on Horseback,Horse,1,47,0,https://fareharbor.com/embeds/calendar/kirunaguidetur/items/563342/?asn=fhdn-sek&asn-ref=alloutdooradventures&ref=alloutdooradventures&bookable-only=yes&full-items=yes&marketplace=yes&flow=no,"<script src=""https://fareharbor.com/embeds/script/calendar/kirunaguidetur/items/563342/?asn=fhdn-sek&asn-ref=alloutdooradventures&ref=alloutdooradventures&bookable-only=yes&full-items=yes&marketplace=yes&flow=no""></script>",https://fareharbor.com/embeds/book/kirunaguidetur/items/563342/?asn=fhdn-sek&asn-ref=alloutdooradventures&ref=alloutdooradventures&bookable-only=yes&full-items=yes&marketplace=yes&flow=no,https://cdn.filestackcontent.com/lJfND4nQOPyG1J7HnOoA
Talvenmaa - Voyage en terre nordique,talvenmaa,contact@talvenmaa.com,358402589431,Finland/Lappi/Posio,28.284499,66.094982,667144,Randonnée gustative automnale avec déjeuner nordique,Hiking,3,46,0,https://fareharbor.com/embeds/calendar/talvenmaa/items/667144/?asn=fhdn-eur&asn-ref=alloutdooradventures&ref=alloutdooradventures&bookable-only=yes&full-items=yes&marketplace=yes&flow=no,"<script src=""https://fareharbor.com/embeds/script/calendar/talvenmaa/items/667144/?asn=fhdn-eur&asn-ref=alloutdooradventures&ref=alloutdooradventures&bookable-only=yes&full-items=yes&marketplace=yes&flow=no""></script>",https://fareharbor.com/embeds/book/talvenmaa/items/667144/?asn=fhdn-eur&asn-ref=alloutdooradventures&ref=alloutdooradventures&bookable-only=yes&full-items=yes&marketplace=yes&flow=no,https://cdn.filestackcontent.com/Rx4RFQKyTAmDi008oGv6
Talvenmaa - Voyage en terre nordique,talvenmaa,contact@talvenmaa.com,358402589431,Finland/Lappi/Posio,28.284499,66.094982,667151,Randonnée au crépuscule avec dîner nordique,Hiking,3,46,0,https://fareharbor.com/embeds/calendar/talvenmaa/items/667151/?asn=fhdn-eur&asn-ref=alloutdooradventures&ref=alloutdooradventures&bookable-only=yes&full-items=yes&marketplace=yes&flow=no,"<script src=""https://fareharbor.com/embeds/script/calendar/talvenmaa/items/667151/?asn=fhdn-eur&asn-ref=alloutdooradventures&ref=alloutdooradventures&bookable-only=yes&full-items=yes&marketplace=yes&flow=no""></script>",https://fareharbor.com/embeds/book/talvenmaa/items/667151/?asn=fhdn-eur&asn-ref=alloutdooradventures&ref=alloutdooradventures&bookable-only=yes&full-items=yes&marketplace=yes&flow=no,https://cdn.filestackcontent.com/xXnRGq6CSsezniofIqq5
Hetta Huskies,hettahuskies,info@hettahuskies.com,+358 40 353 2076,Finland/Lappi/Enontekiö,,,168003,Canoe Hire,Canoe,3,44,0,https://fareharbor.com/embeds/calendar/hettahuskies/items/168003/?asn=fhdn-eur&asn-ref=alloutdooradventures&ref=alloutdooradventures&bookable-only=yes&full-items=yes&marketplace=yes&flow=no,"<script src=""https://fareharbor.com/embeds/script/calendar/hettahuskies/items/168003/?asn=fhdn-eur&asn-ref=alloutdooradventures&ref=alloutdooradventures&bookable-only=yes&full-items=yes&marketplace=yes&flow=no""></script>",https://fareharbor.com/embeds/book/hettahuskies/items/168003/?asn=fhdn-eur&asn-ref=alloutdooradventures&ref=alloutdooradventures&bookable-only=yes&full-items=yes&marketplace=yes&flow=no,https://cdn.filestackcontent.com/gJXzKMOqTQCel7x0AdYy
Hetta Huskies,hettahuskies,info@hettahuskies.com,+358 40 353 2076,Finland/Lappi/Enontekiö,,,249245,Palojoki River,Boat Rental-Boat Tour-Canoe-Fishing-Transfer-Private-Transportation,3,44,0,https://fareharbor.com/embeds/calendar/hettahuskies/items/249245/?asn=fhdn-eur&asn-ref=alloutdooradventures&ref=alloutdooradventures&bookable-only=yes&full-items=yes&marketplace=yes&flow=no,"<script src=""https://fareharbor.com/embeds/script/calendar/hettahuskies/items/249245/?asn=fhdn-eur&asn-ref=alloutdooradventures&ref=alloutdooradventures&bookable-only=yes&full-items=yes&marketplace=yes&flow=no""></script>",https://fareharbor.com/embeds/book/hettahuskies/items/249245/?asn=fhdn-eur&asn-ref=alloutdooradventures&ref=alloutdooradventures&bookable-only=yes&full-items=yes&marketplace=yes&flow=no,https://cdn.filestackcontent.com/XfCBpRsS0qRXNjpEE0lA
66 Arctic Adventures,66arcticadventures,info@66arcticadventures.fi,00358 40 0990271,Finland/Lappi/Rovaniemi,,,579341,"Sauna & Ice Swimming, Private",Hiking,1,44,41,https://fareharbor.com/embeds/calendar/66arcticadventures/items/579341/?asn=fhdn-eur&asn-ref=alloutdooradventures&ref=alloutdooradventures&bookable-only=yes&full-items=yes&marketplace=yes&flow=no,"<script src=""https://fareharbor.com/embeds/script/calendar/66arcticadventures/items/579341/?asn=fhdn-eur&asn-ref=alloutdooradventures&ref=alloutdooradventures&bookable-only=yes&full-items=yes&marketplace=yes&flow=no""></script>",https://fareharbor.com/embeds/book/66arcticadventures/items/579341/?asn=fhdn-eur&asn-ref=alloutdooradventures&ref=alloutdooradventures&bookable-only=yes&full-items=yes&marketplace=yes&flow=no,https://cdn.filestackcontent.com/6toOQ1gwTrsW3Yqr99Vv
66 Arctic Adventures,66arcticadventures,info@66arcticadventures.fi,00358 40 0990271,Finland/Lappi/Rovaniemi,,,579564,"A Day in Lapland, Private",Snowmobile,1,44,41,https://fareharbor.com/embeds/calendar/66arcticadventures/items/579564/?asn=fhdn-eur&asn-ref=alloutdooradventures&ref=alloutdooradventures&bookable-only=yes&full-items=yes&marketplace=yes&flow=no,"<script src=""https://fareharbor.com/embeds/script/calendar/66arcticadventures/items/579564/?asn=fhdn-eur&asn-ref=alloutdooradventures&ref=alloutdooradventures&bookable-only=yes&full-items=yes&marketplace=yes&flow=no""></script>",https://fareharbor.com/embeds/book/66arcticadventures/items/579564/?asn=fhdn-eur&asn-ref=alloutdooradventures&ref=alloutdooradventures&bookable-only=yes&full-items=yes&marketplace=yes&flow=no,https://cdn.filestackcontent.com/PyDpF3R2SoGqKXFhkrMt
66 Arctic Adventures,66arcticadventures,info@66arcticadventures.fi,00358 40 0990271,Finland/Lappi/Rovaniemi,,,579568,"Ice Fishing for families, Private",Fishing,3,44,41,https://fareharbor.com/embeds/calendar/66arcticadventures/items/579568/?asn=fhdn-eur&asn-ref=alloutdooradventures&ref=alloutdooradventures&bookable-only=yes&full-items=yes&marketplace=yes&flow=no,"<script src=""https://fareharbor.com/embeds/script/calendar/66arcticadventures/items/579568/?asn=fhdn-eur&asn-ref=alloutdooradventures&ref=alloutdooradventures&bookable-only=yes&full-items=yes&marketplace=yes&flow=no""></script>",https://fareharbor.com/embeds/book/66arcticadventures/items/579568/?asn=fhdn-eur&asn-ref=alloutdooradventures&ref=alloutdooradventures&bookable-only=yes&full-items=yes&marketplace=yes&flow=no,https://cdn.filestackcontent.com/NQeVgw9QS7S1Zw0XBZ13
Hetta Huskies,hettahuskies,info@hettahuskies.com,+358 40 353 2076,Finland/Lappi/Enontekiö,,,319120,Guided Suonttajoki River & Lake Ounasjärvi Openwater Paddle,Boat Tour-Canoe-Farm-Kayak,2,43,0,https://fareharbor.com/embeds/calendar/hettahuskies/items/319120/?asn=fhdn-eur&asn-ref=alloutdooradventures&ref=alloutdooradventures&bookable-only=yes&full-items=yes&marketplace=yes&flow=no,"<script src=""https://fareharbor.com/embeds/script/calendar/hettahuskies/items/319120/?asn=fhdn-eur&asn-ref=alloutdooradventures&ref=alloutdooradventures&bookable-only=yes&full-items=yes&marketplace=yes&flow=no""></script>",https://fareharbor.com/embeds/book/hettahuskies/items/319120/?asn=fhdn-eur&asn-ref=alloutdooradventures&ref=alloutdooradventures&bookable-only=yes&full-items=yes&marketplace=yes&flow=no,https://cdn.filestackcontent.com/7CGyFaF7QpWlly3vwcBw
Hetta Huskies,hettahuskies,info@hettahuskies.com,+358 40 353 2076,Finland/Lappi/Enontekiö,,,249240,Guided Lake Muotkajärvi - Lake Ounasjärvi Paddle,Canoe,2,41,0,https://fareharbor.com/embeds/calendar/hettahuskies/items/249240/?asn=fhdn-eur&asn-ref=alloutdooradventures&ref=alloutdooradventures&bookable-only=yes&full-items=yes&marketplace=yes&flow=no,"<script src=""https://fareharbor.com/embeds/script/calendar/hettahuskies/items/249240/?asn=fhdn-eur&asn-ref=alloutdooradventures&ref=alloutdooradventures&bookable-only=yes&full-items=yes&marketplace=yes&flow=no""></script>",https://fareharbor.com/embeds/book/hettahuskies/items/249240/?asn=fhdn-eur&asn-ref=alloutdooradventures&ref=alloutdooradventures&bookable-only=yes&full-items=yes&marketplace=yes&flow=no,https://cdn.filestackcontent.com/u95uDmL0Qd6gVGJLpOA7
Saunaship,saunaship,info@saunaship.com,358 44 5955811,Finland/Uusimaa/Helsinki,,,552336,Group sauna charter cruise,Boat Tour,2,41,0,https://fareharbor.com/embeds/calendar/saunaship/items/552336/?asn=fhdn-eur&asn-ref=alloutdooradventures&ref=alloutdooradventures&bookable-only=yes&full-items=yes&marketplace=yes&flow=no,"<script src=""https://fareharbor.com/embeds/script/calendar/saunaship/items/552336/?asn=fhdn-eur&asn-ref=alloutdooradventures&ref=alloutdooradventures&bookable-only=yes&full-items=yes&marketplace=yes&flow=no""></script>",https://fareharbor.com/embeds/book/saunaship/items/552336/?asn=fhdn-eur&asn-ref=alloutdooradventures&ref=alloutdooradventures&bookable-only=yes&full-items=yes&marketplace=yes&flow=no,https://cdn.filestackcontent.com/QQrBZgKWQB6W3p2L2xp6
CreativeKaiku Oy,creativekaiku,info@creativekaiku.fi,358505901583,Finland/Etelä-Karjala/Ruokolahti,,,644472,In the shade of the Forest,Hiking,1,41,0,https://fareharbor.com/embeds/calendar/creativekaiku/items/644472/?asn=fhdn-eur&asn-ref=alloutdooradventures&ref=alloutdooradventures&bookable-only=yes&full-items=yes&marketplace=yes&flow=no,"<script src=""https://fareharbor.com/embeds/script/calendar/creativekaiku/items/644472/?asn=fhdn-eur&asn-ref=alloutdooradventures&ref=alloutdooradventures&bookable-only=yes&full-items=yes&marketplace=yes&flow=no""></script>",https://fareharbor.com/embeds/book/creativekaiku/items/644472/?asn=fhdn-eur&asn-ref=alloutdooradventures&ref=alloutdooradventures&bookable-only=yes&full-items=yes&marketplace=yes&flow=no,https://cdn.filestackcontent.com/mZsonynWQF4gPYDtQWAr
Aurora Village Oy,auroravillage,info@auroravillage.fi,+358104197820,Finland/Lappi/Inari,,,107230,Horse Sleigh Ride,Horse,1,39,0,https://fareharbor.com/embeds/calendar/auroravillage/items/107230/?asn=fhdn-eur&asn-ref=alloutdooradventures&ref=alloutdooradventures&bookable-only=yes&full-items=yes&marketplace=yes&flow=no,"<script src=""https://fareharbor.com/embeds/script/calendar/auroravillage/items/107230/?asn=fhdn-eur&asn-ref=alloutdooradventures&ref=alloutdooradventures&bookable-only=yes&full-items=yes&marketplace=yes&flow=no""></script>",https://fareharbor.com/embeds/book/auroravillage/items/107230/?asn=fhdn-eur&asn-ref=alloutdooradventures&ref=alloutdooradventures&bookable-only=yes&full-items=yes&marketplace=yes&flow=no,https://cdn.filestackcontent.com/9xoQZrLqQXqZcMzCTW0I
Hetta Huskies,hettahuskies,info@hettahuskies.com,+358 40 353 2076,Finland/Lappi/Enontekiö,,,117381,12km / 3hr Fat Bike Tour,Bike Tour-Snowmobile-Winter Activities,1,39,0,https://fareharbor.com/embeds/calendar/hettahuskies/items/117381/?asn=fhdn-eur&asn-ref=alloutdooradventures&ref=alloutdooradventures&bookable-only=yes&full-items=yes&marketplace=yes&flow=no,"<script src=""https://fareharbor.com/embeds/script/calendar/hettahuskies/items/117381/?asn=fhdn-eur&asn-ref=alloutdooradventures&ref=alloutdooradventures&bookable-only=yes&full-items=yes&marketplace=yes&flow=no""></script>",https://fareharbor.com/embeds/book/hettahuskies/items/117381/?asn=fhdn-eur&asn-ref=alloutdooradventures&ref=alloutdooradventures&bookable-only=yes&full-items=yes&marketplace=yes&flow=no,https://cdn.filestackcontent.com/DjDJAcDbR8iMRaFBLp6c
Hetta Huskies,hettahuskies,info@hettahuskies.com,+358 40 353 2076,Finland/Lappi/Enontekiö,,,334504,Test an E-fat / Fatbike on our Forest Trails,Bike Tour-E-Bike-Farm,1,39,0,https://fareharbor.com/embeds/calendar/hettahuskies/items/334504/?asn=fhdn-eur&asn-ref=alloutdooradventures&ref=alloutdooradventures&bookable-only=yes&full-items=yes&marketplace=yes&flow=no,"<script src=""https://fareharbor.com/embeds/script/calendar/hettahuskies/items/334504/?asn=fhdn-eur&asn-ref=alloutdooradventures&ref=alloutdooradventures&bookable-only=yes&full-items=yes&marketplace=yes&flow=no""></script>",https://fareharbor.com/embeds/book/hettahuskies/items/334504/?asn=fhdn-eur&asn-ref=alloutdooradventures&ref=alloutdooradventures&bookable-only=yes&full-items=yes&marketplace=yes&flow=no,https://cdn.filestackcontent.com/DxzkcW5TXaTnXdy9oiwx
Pyha Safaris,pyhasafaris,info@pyhasafaris.com,+358407789106,Finland/Lappi/PYHÄTUNTURI,27.254565,67.018946,476918,Private Fishing Adventure on Lake Pyhäjärvi (3 h),Boat Tour-Fishing-Water Activities,3,39,22,https://fareharbor.com/embeds/calendar/pyhasafaris/items/476918/?asn=fhdn-eur&asn-ref=alloutdooradventures&ref=alloutdooradventures&bookable-only=yes&full-items=yes&marketplace=yes&flow=no,"<script src=""https://fareharbor.com/embeds/script/calendar/pyhasafaris/items/476918/?asn=fhdn-eur&asn-ref=alloutdooradventures&ref=alloutdooradventures&bookable-only=yes&full-items=yes&marketplace=yes&flow=no""></script>",https://fareharbor.com/embeds/book/pyhasafaris/items/476918/?asn=fhdn-eur&asn-ref=alloutdooradventures&ref=alloutdooradventures&bookable-only=yes&full-items=yes&marketplace=yes&flow=no,https://cdn.filestackcontent.com/K3NmgWICSbCv0GRYHLm1
Kiruna Guidetur,kirunaguidetur,info@kirunaguidetur.com,46 980 81110,Sweden/Norrbottens län/Kiruna,,,563004,Overnight Boat Tour + ICEHOTEL365,Boat Tour,1,39,0,https://fareharbor.com/embeds/calendar/kirunaguidetur/items/563004/?asn=fhdn-sek&asn-ref=alloutdooradventures&ref=alloutdooradventures&bookable-only=yes&full-items=yes&marketplace=yes&flow=no,"<script src=""https://fareharbor.com/embeds/script/calendar/kirunaguidetur/items/563004/?asn=fhdn-sek&asn-ref=alloutdooradventures&ref=alloutdooradventures&bookable-only=yes&full-items=yes&marketplace=yes&flow=no""></script>",https://fareharbor.com/embeds/book/kirunaguidetur/items/563004/?asn=fhdn-sek&asn-ref=alloutdooradventures&ref=alloutdooradventures&bookable-only=yes&full-items=yes&marketplace=yes&flow=no,https://cdn.filestackcontent.com/vlrIhyOmSvyU4pdT1f2R
Aurora Village Oy,auroravillage,info@auroravillage.fi,+358104197820,Finland/Lappi/Inari,,,107166,Nordic Walking with Guide,Walking Tour,1,38,0,https://fareharbor.com/embeds/calendar/auroravillage/items/107166/?asn=fhdn-eur&asn-ref=alloutdooradventures&ref=alloutdooradventures&bookable-only=yes&full-items=yes&marketplace=yes&flow=no,"<script src=""https://fareharbor.com/embeds/script/calendar/auroravillage/items/107166/?asn=fhdn-eur&asn-ref=alloutdooradventures&ref=alloutdooradventures&bookable-only=yes&full-items=yes&marketplace=yes&flow=no""></script>",https://fareharbor.com/embeds/book/auroravillage/items/107166/?asn=fhdn-eur&asn-ref=alloutdooradventures&ref=alloutdooradventures&bookable-only=yes&full-items=yes&marketplace=yes&flow=no,https://cdn.filestackcontent.com/qn0RS0RKWhj2hm1rJBsQ
Hetta Huskies,hettahuskies,info@hettahuskies.com,+358 40 353 2076,Finland/Lappi/Enontekiö,,,117356,1.5-Hour Snowshoe Hike,Hiking-Winter Activities,2,38,0,https://fareharbor.com/embeds/calendar/hettahuskies/items/117356/?asn=fhdn-eur&asn-ref=alloutdooradventures&ref=alloutdooradventures&bookable-only=yes&full-items=yes&marketplace=yes&flow=no,"<script src=""https://fareharbor.com/embeds/script/calendar/hettahuskies/items/117356/?asn=fhdn-eur&asn-ref=alloutdooradventures&ref=alloutdooradventures&bookable-only=yes&full-items=yes&marketplace=yes&flow=no""></script>",https://fareharbor.com/embeds/book/hettahuskies/items/117356/?asn=fhdn-eur&asn-ref=alloutdooradventures&ref=alloutdooradventures&bookable-only=yes&full-items=yes&marketplace=yes&flow=no,https://cdn.filestackcontent.com/ULnT3TQuQuOa2pOOvSG0
Hetta Huskies,hettahuskies,info@hettahuskies.com,+358 40 353 2076,Finland/Lappi/Enontekiö,,,203453,Reindeer Farm Visit,Farm-Food Tour-History Tour-Horse-Winter Activities,1,38,0,https://fareharbor.com/embeds/calendar/hettahuskies/items/203453/?asn=fhdn-eur&asn-ref=alloutdooradventures&ref=alloutdooradventures&bookable-only=yes&full-items=yes&marketplace=yes&flow=no,"<script src=""https://fareharbor.com/embeds/script/calendar/hettahuskies/items/203453/?asn=fhdn-eur&asn-ref=alloutdooradventures&ref=alloutdooradventures&bookable-only=yes&full-items=yes&marketplace=yes&flow=no""></script>",https://fareharbor.com/embeds/book/hettahuskies/items/203453/?asn=fhdn-eur&asn-ref=alloutdooradventures&ref=alloutdooradventures&bookable-only=yes&full-items=yes&marketplace=yes&flow=no,https://cdn.filestackcontent.com/UFlUlk03REyv6I7kle9V
Hetta Huskies,hettahuskies,info@hettahuskies.com,+358 40 353 2076,Finland/Lappi/Enontekiö,,,270231,Pahtajärvi Trail,Hiking,1,38,0,https://fareharbor.com/embeds/calendar/hettahuskies/items/270231/?asn=fhdn-eur&asn-ref=alloutdooradventures&ref=alloutdooradventures&bookable-only=yes&full-items=yes&marketplace=yes&flow=no,"<script src=""https://fareharbor.com/embeds/script/calendar/hettahuskies/items/270231/?asn=fhdn-eur&asn-ref=alloutdooradventures&ref=alloutdooradventures&bookable-only=yes&full-items=yes&marketplace=yes&flow=no""></script>",https://fareharbor.com/embeds/book/hettahuskies/items/270231/?asn=fhdn-eur&asn-ref=alloutdooradventures&ref=alloutdooradventures&bookable-only=yes&full-items=yes&marketplace=yes&flow=no,https://cdn.filestackcontent.com/OxMehDwRBurJJEAUZsCg
HaliPuu,halipuu,info@halipuu.com,00358 44 2363745,Finland/Lappi/Kittilä,,,550003,Arctic Sleepover - Call To Book,Eco Tour,1,38,0,https://fareharbor.com/embeds/calendar/halipuu/items/550003/?asn=fhdn-eur&asn-ref=alloutdooradventures&ref=alloutdooradventures&bookable-only=yes&full-items=yes&marketplace=yes&flow=no,"<script src=""https://fareharbor.com/embeds/script/calendar/halipuu/items/550003/?asn=fhdn-eur&asn-ref=alloutdooradventures&ref=alloutdooradventures&bookable-only=yes&full-items=yes&marketplace=yes&flow=no""></script>",https://fareharbor.com/embeds/book/halipuu/items/550003/?asn=fhdn-eur&asn-ref=alloutdooradventures&ref=alloutdooradventures&bookable-only=yes&full-items=yes&marketplace=yes&flow=no,https://cdn.filestackcontent.com/bmcNpw6Sl9zl49lT6UHA
EXP Norrland,expnorrland,info@expnorrland.com,46707597441,Sweden/Norrbottens län/Bredsel,,,579050,Storforsen Torch Walk,Walking Tour,4,37,0,https://fareharbor.com/embeds/calendar/expnorrland/items/579050/?asn=fhdn-sek&asn-ref=alloutdooradventures&ref=alloutdooradventures&bookable-only=yes&full-items=yes&marketplace=yes&flow=no,"<script src=""https://fareharbor.com/embeds/script/calendar/expnorrland/items/579050/?asn=fhdn-sek&asn-ref=alloutdooradventures&ref=alloutdooradventures&bookable-only=yes&full-items=yes&marketplace=yes&flow=no""></script>",https://fareharbor.com/embeds/book/expnorrland/items/579050/?asn=fhdn-sek&asn-ref=alloutdooradventures&ref=alloutdooradventures&bookable-only=yes&full-items=yes&marketplace=yes&flow=no,https://cdn.filestackcontent.com/LD6UHEGSW2gK1M03mVf6
CreativeKaiku Oy,creativekaiku,info@creativekaiku.fi,358505901583,Finland/Etelä-Karjala/Ruokolahti,,,644485,"Dark and dim forest, moonlit night, starry sky",Hiking,1,36,0,https://fareharbor.com/embeds/calendar/creativekaiku/items/644485/?asn=fhdn-eur&asn-ref=alloutdooradventures&ref=alloutdooradventures&bookable-only=yes&full-items=yes&marketplace=yes&flow=no,"<script src=""https://fareharbor.com/embeds/script/calendar/creativekaiku/items/644485/?asn=fhdn-eur&asn-ref=alloutdooradventures&ref=alloutdooradventures&bookable-only=yes&full-items=yes&marketplace=yes&flow=no""></script>",https://fareharbor.com/embeds/book/creativekaiku/items/644485/?asn=fhdn-eur&asn-ref=alloutdooradventures&ref=alloutdooradventures&bookable-only=yes&full-items=yes&marketplace=yes&flow=no,https://cdn.filestackcontent.com/3t1tFU25SOyGPZlMKUSR
Hotelli Ivalo Oy/Club Nord,clubnord,sales@clubnord.info,+35816663401,Finland/Lappi/Inari,,,674782,Horse Sledge Ride,Horse,3,36,0,https://fareharbor.com/embeds/calendar/clubnord/items/674782/?asn=fhdn-eur&asn-ref=alloutdooradventures&ref=alloutdooradventures&bookable-only=yes&full-items=yes&marketplace=yes&flow=no,"<script src=""https://fareharbor.com/embeds/script/calendar/clubnord/items/674782/?asn=fhdn-eur&asn-ref=alloutdooradventures&ref=alloutdooradventures&bookable-only=yes&full-items=yes&marketplace=yes&flow=no""></script>",https://fareharbor.com/embeds/book/clubnord/items/674782/?asn=fhdn-eur&asn-ref=alloutdooradventures&ref=alloutdooradventures&bookable-only=yes&full-items=yes&marketplace=yes&flow=no,https://cdn.filestackcontent.com/8lAULIX2Sp2jTwfoXuvl
Haltia Lake Lodge,haltialakelodge,info@haltialakelodge.com,+358 40 544 4707,Finland/Uusimaa/Espoo,,,290957,Patikointia Nuuksion järviylängöllä (englanniksi),Bike Tour,8,35,0,https://fareharbor.com/embeds/calendar/haltialakelodge/items/290957/?asn=fhdn-eur&asn-ref=alloutdooradventures&ref=alloutdooradventures&bookable-only=yes&full-items=yes&marketplace=yes&flow=no,"<script src=""https://fareharbor.com/embeds/script/calendar/haltialakelodge/items/290957/?asn=fhdn-eur&asn-ref=alloutdooradventures&ref=alloutdooradventures&bookable-only=yes&full-items=yes&marketplace=yes&flow=no""></script>",https://fareharbor.com/embeds/book/haltialakelodge/items/290957/?asn=fhdn-eur&asn-ref=alloutdooradventures&ref=alloutdooradventures&bookable-only=yes&full-items=yes&marketplace=yes&flow=no,https://cdn.filestackcontent.com/BICnMGSRSeulItvlecwz
Pyha Safaris,pyhasafaris,info@pyhasafaris.com,+358407789106,Finland/Lappi/PYHÄTUNTURI,,,590411,Small group horseback riding,Horse,2,29,0,https://fareharbor.com/embeds/calendar/pyhasafaris/items/590411/?asn=fhdn-eur&asn-ref=alloutdooradventures&ref=alloutdooradventures&bookable-only=yes&full-items=yes&marketplace=yes&flow=no,"<script src=""https://fareharbor.com/embeds/script/calendar/pyhasafaris/items/590411/?asn=fhdn-eur&asn-ref=alloutdooradventures&ref=alloutdooradventures&bookable-only=yes&full-items=yes&marketplace=yes&flow=no""></script>",https://fareharbor.com/embeds/book/pyhasafaris/items/590411/?asn=fhdn-eur&asn-ref=alloutdooradventures&ref=alloutdooradventures&bookable-only=yes&full-items=yes&marketplace=yes&flow=no,https://cdn.filestackcontent.com/5Psq9fITZtBtQpfgmwAO
CreativeKaiku Oy,creativekaiku,info@creativekaiku.fi,358505901583,Finland/Etelä-Karjala/Ruokolahti,,,644480,"Our Footprints in Nature, culture and history",Hiking,1,26,0,https://fareharbor.com/embeds/calendar/creativekaiku/items/644480/?asn=fhdn-eur&asn-ref=alloutdooradventures&ref=alloutdooradventures&bookable-only=yes&full-items=yes&marketplace=yes&flow=no,"<script src=""https://fareharbor.com/embeds/script/calendar/creativekaiku/items/644480/?asn=fhdn-eur&asn-ref=alloutdooradventures&ref=alloutdooradventures&bookable-only=yes&full-items=yes&marketplace=yes&flow=no""></script>",https://fareharbor.com/embeds/book/creativekaiku/items/644480/?asn=fhdn-eur&asn-ref=alloutdooradventures&ref=alloutdooradventures&bookable-only=yes&full-items=yes&marketplace=yes&flow=no,https://cdn.filestackcontent.com/pJlVkgSTQxe0Rm8FR2ns
CreativeKaiku Oy,creativekaiku,info@creativekaiku.fi,358505901583,Finland/Etelä-Karjala/Ruokolahti,,,644487,"Tales of Tapio, the mystical forest",Hiking,1,26,0,https://fareharbor.com/embeds/calendar/creativekaiku/items/644487/?asn=fhdn-eur&asn-ref=alloutdooradventures&ref=alloutdooradventures&bookable-only=yes&full-items=yes&marketplace=yes&flow=no,"<script src=""https://fareharbor.com/embeds/script/calendar/creativekaiku/items/644487/?asn=fhdn-eur&asn-ref=alloutdooradventures&ref=alloutdooradventures&bookable-only=yes&full-items=yes&marketplace=yes&flow=no""></script>",https://fareharbor.com/embeds/book/creativekaiku/items/644487/?asn=fhdn-eur&asn-ref=alloutdooradventures&ref=alloutdooradventures&bookable-only=yes&full-items=yes&marketplace=yes&flow=no,https://cdn.filestackcontent.com/Y3FYrkFMRULeol4sDnfQ
