id,title,description,link,image_link,availability,price,condition,brand,rating_value,rating_count
152424P1,"Muir Woods and Sausalito Small-Group Tour","Half-day small-group tour from San Francisco to Muir Woods National Monument and Sausalito, including scenic views and free time to explore.","https://www.alloutdooradventures.com/destinations/california/san-francisco/tours/muir-woods-and-sausalito-small-group-tour","https://dynamic-media.tacdn.com/media/photo-o/2e/b5/15/e2/caption.jpg?w=1100&h=800&s=1","in stock","79 USD","new","Outdoor Adventures",4.7,765
63657P1,Santa Barbara Vineyard to Table Taste Tour by E-Bike,"Ride through the towns and vineyards of the Santa Ynez Valley wine region on this e-bike tour with transport from Santa Barbara. With a guide, you'll pedal a Rad Power E-bike to wineries, a lavendar farm, the town of Solvang, and other spots for wine and olive-oil tastings and lunch. A bike tour allows you to enjoy better views of the scenery than from inside a car.",https://www.alloutdooradventures.com/destinations/california/santa-barbara/tours/santa-barbara-vineyard-to-table-taste-tour-by-e-bike,https://media.tacdn.com/media/attractions-splice-spp-674x446/0f/56/92/6e.jpg,in stock,199 USD,new,Outdoor Adventures,4.9,177
327321P1,Mountain Sunrise Hike and Meditation in Palm Springs,"Start your Palm Springs morning on a guided pre-dawn hike that climbs toward sunrise viewpoints above the Coachella Valley. Your guide sets a steady pace along the South Lykken Trail corridor and pauses for interpretation on local geology, desert ecosystems, and canyon terrain. At a scenic rest point, the experience shifts into a grounding meditation session designed to help you reset before the day heats up. This small-group outing balances moderate physical effort with reflective time in nature, making it a strong fit for travelers who want an active, meaningful desert experience.",https://www.alloutdooradventures.com/destinations/california/palm-springs/tours/mountain-sunrise-hike-and-meditation-in-palm-springs,https://media.tacdn.com/media/attractions-splice-spp-674x446/0d/07/b0/bc.jpg,in stock,108 USD,new,Outdoor Adventures,5.0,92
5119P13,Grand Canyon West 6-in-1 Tour with Helicopter and Landing,"Depart Las Vegas for a full-day West Rim adventure with a small-group guide, scenic desert drive, and timed stops at Hoover Dam and a Joshua tree forest. At Grand Canyon West you can take in Eagle Point and Guano Point viewpoints, then elevate the day with an optional helicopter descent and landing near the Colorado River before returning to Las Vegas.",https://www.alloutdooradventures.com/destinations/nevada/las-vegas/tours/grand-canyon-west-6-in-1-tour-with-helicopter-and-landing,https://media-cdn.tripadvisor.com/media/attractions-splice-spp-720x480/0b/eb/93/9d.jpg,in stock,399 USD,new,Outdoor Adventures,4.6,163
190492P3,Zion and Bryce Canyon Small Group Tour from Las Vegas,"Travel from Las Vegas on a full-day guided tour to two iconic Utah parks. Explore Bryce Canyon's amphitheater viewpoints and continue to Zion National Park for dramatic canyon scenery, interpretive guidance, and photo stops before returning to Las Vegas the same day.",https://www.alloutdooradventures.com/destinations/nevada/las-vegas/tours/zion-and-bryce-canyon-small-group-tour-from-las-vegas,https://dynamic-media.tacdn.com/media/photo-o/2e/b6/ce/d0/caption.jpg?w=700&h=500&s=1,in stock,199 USD,new,Outdoor Adventures,4.7,214
7079RREBIKE,Red Rock Canyon Electric Bike Tour,"Explore the Red Rock Canyon National Conservation Area on a guided electric bike tour from Las Vegas. Ride portions of the scenic loop with support from your guide while stopping at overlooks to learn about Mojave Desert geology, wildlife, and conservation.",https://www.alloutdooradventures.com/destinations/nevada/las-vegas/tours/red-rock-canyon-electric-bike-tour,https://dynamic-media.tacdn.com/media/photo-o/2e/b6/ef/8a/caption.jpg?w=700&h=500&s=1,in stock,129 USD,new,Outdoor Adventures,4.8,214
191767P5,Valley Of Fire Best Offroad Adventure,"Explore rugged desert terrain on an off-road-focused Valley of Fire adventure from Las Vegas. This experience emphasizes geological textures, remote access, and exploratory pacing with key stops at landmark formations such as Elephant Rock, Rainbow Vista, and petroglyph viewing areas when available.",https://www.alloutdooradventures.com/destinations/nevada/las-vegas/tours/valley-of-fire-best-offroad-adventure,https://dynamic-media.tacdn.com/media/photo-o/2e/b6/be/ac/caption.jpg?w=700&h=500&s=1,in stock,189 USD,new,Outdoor Adventures,4.8,53
3533P14,Red Rock Canyon with Rocky Gap 4x4 Adventure,"Travel from Las Vegas into Red Rock Canyon and continue into the Rocky Gap backcountry for a route that blends scenic interpretation with technical 4x4 terrain. The itinerary emphasizes key sandstone viewpoints, geology context, and the rougher Rocky Gap section that distinguishes this trip from standard scenic-drive alternatives.",https://www.alloutdooradventures.com/destinations/nevada/las-vegas/tours/red-rock-canyon-with-rocky-gap-4x4-adventure,https://dynamic-media.tacdn.com/media/photo-o/2e/b6/f0/a9/caption.jpg?w=700&h=500&s=1,in stock,149 USD,new,Outdoor Adventures,4.8,921
60136P1,Antelope Canyon Horseshoe Bend Day Tour from Las Vegas,"Leave Las Vegas before sunrise for a full-day desert loop that pairs two signature Southwest sights in one guided outing. After a scenic drive toward Page, stretch your legs on the hike to Horseshoe Bend, then continue to Antelope Canyon for a Navajo-led walk through sculpted sandstone corridors with dedicated photo stops. Round-trip transport, canyon admission, and lunch are handled so you can focus on the landscapes instead of logistics.",https://www.alloutdooradventures.com/destinations/nevada/las-vegas/tours/antelope-canyon-horseshoe-bend-day-tour-from-las-vegas,https://media-cdn.tripadvisor.com/media/attractions-splice-spp-720x480/0b/eb/d1/48.jpg,in stock,149 USD,new,Outdoor Adventures,4.8,1922
26719P8,Emerald Cave Kayaking Tour,"Leave the Strip behind for a guided paddle through one of the Colorado River’s calmest and most scenic stretches. After an optional hotel pickup in Las Vegas, you’ll launch at Willow Beach Marina, review safety basics, and kayak in a small group toward Emerald Cave. The route is beginner-friendly, with time to pause for photos, wildlife spotting, and a snack break on the shoreline. Your guide shares local context while keeping the pace comfortable for mixed experience levels. Choose hotel transport or self-drive, then return after a half-day on the water with memorable canyon views and cave reflections.",https://www.alloutdooradventures.com/destinations/nevada/las-vegas/tours/emerald-cave-kayaking-tour,https://media.tacdn.com/media/attractions-splice-spp-360x240/0a/29/a2/f4.jpg,in stock,109 USD,new,Outdoor Adventures,4.9,5060
13920P12,Off Road Las Vegas Tour,"Leave pavement behind on a guided off-road route in the Las Vegas desert with pre-ride orientation, terrain briefings, and staged scenic stops. This experience focuses on technical trail variety including sandy washes, rocky ledges, and open desert sections while maintaining a guide-led pace appropriate for mixed experience levels.",https://www.alloutdooradventures.com/destinations/nevada/las-vegas/tours/off-road-las-vegas-tour,https://dynamic-media.tacdn.com/media/photo-o/2e/b6/c5/13/caption.jpg?w=700&h=500&s=1,in stock,189.50 USD,new,Outdoor Adventures,4.6,497
