id,title,reason,link,imageCandidate,priceCandidate
2841,San Diego Brewery Tours: California Sunset Brew Tour,notAllowedActivity,https://www.alloutdooradventures.com/tours/san-diego-brewery-tours-california-sunset-brew-tour,,129.00 USD
10201,California Sunset Tour,notAllowedActivity,https://www.alloutdooradventures.com/tours/california-sunset-tour,,129.00 USD
12398,Zipline Tour,missingImage,https://www.alloutdooradventures.com/tours/zipline-tour,,129.00 USD
12410,Snowshoe Tour,notAllowedActivity,https://www.alloutdooradventures.com/tours/snowshoe-tour,,129.00 USD
14214,Kayak Rolling (Richmond Plunge),missingImage,https://www.alloutdooradventures.com/tours/kayak-rolling-richmond-plunge,,129.00 USD
14223,L1: Kayak Basics  (Jack London Square),missingImage,https://www.alloutdooradventures.com/tours/l1-kayak-basics-jack-london-square,,129.00 USD
14235,L2: Beginning Sea Kayaking Skills Course,notAllowedActivity,https://www.alloutdooradventures.com/tours/l2-beginning-sea-kayaking-skills-course,,129.00 USD
14245,L3: Sea Kayaking II (Oakland @ JLS),notAllowedActivity,https://www.alloutdooradventures.com/tours/l3-sea-kayaking-ii-oakland-jls,,129.00 USD
14249,L4: TIDAL CURRENT & ROUGH WATER SKILL COURSE,notAllowedActivity,https://www.alloutdooradventures.com/tours/l4-tidal-current-and-rough-water-skill-course,,129.00 USD
14250,L4: Intro to Surf Zone,notAllowedActivity,https://www.alloutdooradventures.com/tours/l4-intro-to-surf-zone,,129.00 USD
14297,Private Custom Kayak Instruction (Jack London Square),missingImage,https://www.alloutdooradventures.com/tours/private-custom-kayak-instruction-jack-london-square,,129.00 USD
14304,L2: 55+ Beginning Sea Kayaking Skill Course,notAllowedActivity,https://www.alloutdooradventures.com/tours/l2-55-beginning-sea-kayaking-skill-course,,129.00 USD
14852,L3: Self Sufficient Bay Paddler Pt. 2 (Oakland @ JLS),notAllowedActivity,https://www.alloutdooradventures.com/tours/l3-self-sufficient-bay-paddler-pt-2-oakland-jls,,129.00 USD
15475,DISCOVER OAK WATERFRONT TOUR,notAllowedActivity,https://www.alloutdooradventures.com/tours/discover-oak-waterfront-tour,,129.00 USD
18220,GUIDED GROUP TRIP (Jack London Square),notAllowedActivity,https://www.alloutdooradventures.com/tours/guided-group-trip-jack-london-square,,129.00 USD
23912,Tall Ship Adventure aboard Californian,notAllowedActivity,https://www.alloutdooradventures.com/tours/tall-ship-adventure-aboard-californian,,129.00 USD
34225,"2 Hour Sluicing, and Panning Family Special",notAllowedActivity,https://www.alloutdooradventures.com/tours/2-hour-sluicing-and-panning-family-special,,129.00 USD
34228,"3 Hour Sluicing, and Panning Family Special",notAllowedActivity,https://www.alloutdooradventures.com/tours/3-hour-sluicing-and-panning-family-special,,129.00 USD
34233,"4hr Sluicing, and Panning Family Special",notAllowedActivity,https://www.alloutdooradventures.com/tours/4hr-sluicing-and-panning-family-special,,129.00 USD
37772,One hour gold panning family special,notAllowedActivity,https://www.alloutdooradventures.com/tours/one-hour-gold-panning-family-special,,129.00 USD
38141,L2: Sea Kayak Rescues and Towing Skills Clinic,missingImage,https://www.alloutdooradventures.com/tours/l2-sea-kayak-rescues-and-towing-skills-clinic,,129.00 USD
38277,L2: Sit-On-Top Kayak Skills and Rescue Course (Jack London Square),missingImage,https://www.alloutdooradventures.com/tours/l2-sit-on-top-kayak-skills-and-rescue-course-jack-london-square,,129.00 USD
46011,L2: Women's Beginning Sea Kayaking Skill Course,notAllowedActivity,https://www.alloutdooradventures.com/tours/l2-women-s-beginning-sea-kayaking-skill-course,,129.00 USD
46445,Private Surf Lessons,notAllowedActivity,https://www.alloutdooradventures.com/tours/private-surf-lessons,,129.00 USD
53931,California Coast & Canyons Helicopter Tour,notAllowedActivity,https://www.alloutdooradventures.com/tours/california-coast-and-canyons-helicopter-tour,,129.00 USD
59588,Public Group Surf Lesson,notAllowedActivity,https://www.alloutdooradventures.com/tours/public-group-surf-lesson,,129.00 USD
63610,Private Transportation - Sedan,notAllowedActivity,https://www.alloutdooradventures.com/tours/private-transportation-sedan,,129.00 USD
63645,Private Transportation - Mini-Van,notAllowedActivity,https://www.alloutdooradventures.com/tours/private-transportation-mini-van,,129.00 USD
63653,Private Transportation - Shuttle,notAllowedActivity,https://www.alloutdooradventures.com/tours/private-transportation-shuttle,,129.00 USD
63658,Private Transportation - Bus,notAllowedActivity,https://www.alloutdooradventures.com/tours/private-transportation-bus,,129.00 USD
64270,Whale Watching in Baja California,notAllowedActivity,https://www.alloutdooradventures.com/tours/whale-watching-in-baja-california,,129.00 USD
77003,Packrafting Rescue & Skills Lesson – Richmond Plunge,notAllowedActivity,https://www.alloutdooradventures.com/tours/packrafting-rescue-and-skills-lesson-richmond-plunge,,129.00 USD
77116,2 Day Dig,notAllowedActivity,https://www.alloutdooradventures.com/tours/2-day-dig,,129.00 USD
94783,Overnight Surf Camp | Laguna Beach,notAllowedActivity,https://www.alloutdooradventures.com/tours/overnight-surf-camp-laguna-beach,,129.00 USD
95504,California Concealed Weapons Course,notAllowedActivity,https://www.alloutdooradventures.com/tours/california-concealed-weapons-course,,129.00 USD
95509,Re-Qualification - California Concealed Weapons Course,notAllowedActivity,https://www.alloutdooradventures.com/tours/re-qualification-california-concealed-weapons-course,,129.00 USD
98392,3 Day Dig,notAllowedActivity,https://www.alloutdooradventures.com/tours/3-day-dig,,129.00 USD
107414,"Avalon Harbor Underwater Cleanup, California",notAllowedActivity,https://www.alloutdooradventures.com/tours/avalon-harbor-underwater-cleanup-california,,129.00 USD
107822,La Jolla Cove 2-Tank Guided Shore Dives,notAllowedActivity,https://www.alloutdooradventures.com/tours/la-jolla-cove-2-tank-guided-shore-dives,,129.00 USD
107835,PADI Freediver Course,notAllowedActivity,https://www.alloutdooradventures.com/tours/padi-freediver-course,,129.00 USD
109205,La Jolla Cove Kelp Forest 1-Tank Guided Shore Dive,missingImage,https://www.alloutdooradventures.com/tours/la-jolla-cove-kelp-forest-1-tank-guided-shore-dive,,129.00 USD
109487,PADI Advanced Freediver Course,notAllowedActivity,https://www.alloutdooradventures.com/tours/padi-advanced-freediver-course,,129.00 USD
109626,Night Dive 1-Tank Guided Shore Dive,missingImage,https://www.alloutdooradventures.com/tours/night-dive-1-tank-guided-shore-dive,,129.00 USD
110311,PRIVATE La Jolla 2-Tank Guided Shore Dives,notAllowedActivity,https://www.alloutdooradventures.com/tours/private-la-jolla-2-tank-guided-shore-dives,,129.00 USD
110581,DC's Ultimate Refresher Course,notAllowedActivity,https://www.alloutdooradventures.com/tours/dc-s-ultimate-refresher-course,,129.00 USD
110584,PADI Master Freediver Course,notAllowedActivity,https://www.alloutdooradventures.com/tours/padi-master-freediver-course,,129.00 USD
127480,L3: Self Sufficient Bay Paddler Prt. 1 (Oakland @ JLS),notAllowedActivity,https://www.alloutdooradventures.com/tours/l3-self-sufficient-bay-paddler-prt-1-oakland-jls,,129.00 USD
143281,I ♥️Oakland Alameda Estuary Cleanup RENTAL (Jack London Square),notAllowedActivity,https://www.alloutdooradventures.com/tours/i-oakland-alameda-estuary-cleanup-rental-jack-london-square,,129.00 USD
147466,Warm Water Sea Kayak Rescue (Richmond Plunge),missingImage,https://www.alloutdooradventures.com/tours/warm-water-sea-kayak-rescue-richmond-plunge,,129.00 USD
156101,Full Day Dig,notAllowedActivity,https://www.alloutdooradventures.com/tours/full-day-dig,,129.00 USD
177148,Georgetown Shuttle Day Pass,notAllowedActivity,https://www.alloutdooradventures.com/tours/georgetown-shuttle-day-pass,,129.00 USD
180875,2 Hour Private Sail from the Santa Cruz Harbor - Resolute,missingImage,https://www.alloutdooradventures.com/tours/2-hour-private-sail-from-the-santa-cruz-harbor-resolute,,129.00 USD
180876,2 Hour Private Sunset Sail from the Santa Cruz Harbor - Resolute,missingImage,https://www.alloutdooradventures.com/tours/2-hour-private-sunset-sail-from-the-santa-cruz-harbor-resolute,,129.00 USD
193220,La Bufadora Tour in Baja California,notAllowedActivity,https://www.alloutdooradventures.com/tours/la-bufadora-tour-in-baja-california,,129.00 USD
197747,1 Hour RENTAL RESERVATION (Jack London Sq.),notAllowedActivity,https://www.alloutdooradventures.com/tours/1-hour-rental-reservation-jack-london-sq,,129.00 USD
199899,General Admission Tickets,notAllowedActivity,https://www.alloutdooradventures.com/tours/general-admission-tickets,,129.00 USD
199923,VIP Tickets,notAllowedActivity,https://www.alloutdooradventures.com/tours/vip-tickets,,129.00 USD
199924,Treasure Tickets,notAllowedActivity,https://www.alloutdooradventures.com/tours/treasure-tickets,,129.00 USD
205464,California Excursion,notAllowedActivity,https://www.alloutdooradventures.com/tours/california-excursion,,129.00 USD
207641,Run This Town: Red Rock Canyon,missingImage,https://www.alloutdooradventures.com/tours/run-this-town-red-rock-canyon,,129.00 USD
207649,Thrill Seeker: Caverns and Canyons,notAllowedActivity,https://www.alloutdooradventures.com/tours/thrill-seeker-caverns-and-canyons,,129.00 USD
217727,L3: INTRO to TIDES & CURRENTS SKILL COURSE,notAllowedActivity,https://www.alloutdooradventures.com/tours/l3-intro-to-tides-and-currents-skill-course,,129.00 USD
222031,L4: Intro to Coastal Journey,notAllowedActivity,https://www.alloutdooradventures.com/tours/l4-intro-to-coastal-journey,,129.00 USD
226915,Basic/Intro To Freedive Course,notAllowedActivity,https://www.alloutdooradventures.com/tours/basic-intro-to-freedive-course,,129.00 USD
227193,PADI Open Water Diver Referral Program,notAllowedActivity,https://www.alloutdooradventures.com/tours/padi-open-water-diver-referral-program,,129.00 USD
229177,Sushi (California Roll) Dinner INGREDIENTS KIT,notAllowedActivity,https://www.alloutdooradventures.com/tours/sushi-california-roll-dinner-ingredients-kit,,129.00 USD
243838,FREE Trail Day,missingImage,https://www.alloutdooradventures.com/tours/free-trail-day,,129.00 USD
244615,Advanced Surf Coaching Group Lesson,notAllowedActivity,https://www.alloutdooradventures.com/tours/advanced-surf-coaching-group-lesson,,129.00 USD
267482,Run This Town: Dripping Cave,notAllowedActivity,https://www.alloutdooradventures.com/tours/run-this-town-dripping-cave,,129.00 USD
273866,"California Mojave Desert, Mount Charleston Lodge    and Resort Tour",notAllowedActivity,https://www.alloutdooradventures.com/tours/california-mojave-desert-mount-charleston-lodge-and-resort-tour,,129.00 USD
278355,California Brunch,notAllowedActivity,https://www.alloutdooradventures.com/tours/california-brunch,,129.00 USD
283745,Run One Program • Locomotives,notAllowedActivity,https://www.alloutdooradventures.com/tours/run-one-program-locomotives,,129.00 USD
283750,Run One Program • Electric Streetcars,notAllowedActivity,https://www.alloutdooradventures.com/tours/run-one-program-electric-streetcars,,129.00 USD
283754,Run One Program • The Steam Experience,notAllowedActivity,https://www.alloutdooradventures.com/tours/run-one-program-the-steam-experience,,129.00 USD
283796,Holstrom Park,notAllowedActivity,https://www.alloutdooradventures.com/tours/holstrom-park,,129.00 USD
283806,Town Hall,notAllowedActivity,https://www.alloutdooradventures.com/tours/town-hall,,129.00 USD
283808,Carhouse 4 Rental,notAllowedActivity,https://www.alloutdooradventures.com/tours/carhouse-4-rental,,129.00 USD
283810,Party Caboose Rental,notAllowedActivity,https://www.alloutdooradventures.com/tours/party-caboose-rental,,129.00 USD
283813,Charters,notAllowedActivity,https://www.alloutdooradventures.com/tours/charters,,129.00 USD
283823,Photo/Film Shoot Booking,notAllowedActivity,https://www.alloutdooradventures.com/tours/photo-film-shoot-booking,,129.00 USD
283828,Railroadiana Spring Swap Meet and Pacific Electric Day,notAllowedActivity,https://www.alloutdooradventures.com/tours/railroadiana-spring-swap-meet-and-pacific-electric-day,,129.00 USD
283831,Dinosaur Express- Featuring Buddy the Dinosaur!,notAllowedActivity,https://www.alloutdooradventures.com/tours/dinosaur-express-featuring-buddy-the-dinosaur,,129.00 USD
283833,Behind the Scenes,notAllowedActivity,https://www.alloutdooradventures.com/tours/behind-the-scenes,,129.00 USD
283837,2024 Night Photoshoot - Vintage Glow: Night Shoot with LA's Yellow Cars,notAllowedActivity,https://www.alloutdooradventures.com/tours/2024-night-photoshoot-vintage-glow-night-shoot-with-la-s-yellow-cars,,129.00 USD
283841,Antique Truck Show,notAllowedActivity,https://www.alloutdooradventures.com/tours/antique-truck-show,,129.00 USD
283846,Railroadiana Fall Swap Meet,notAllowedActivity,https://www.alloutdooradventures.com/tours/railroadiana-fall-swap-meet,,129.00 USD
283851,Train and Trolley Rides,notAllowedActivity,https://www.alloutdooradventures.com/tours/train-and-trolley-rides,,129.00 USD
283853,The Museum: Hosted Tours,notAllowedActivity,https://www.alloutdooradventures.com/tours/the-museum-hosted-tours,,129.00 USD
284507,BBQ Boots and Brew: TEAM REGISTRATION,notAllowedActivity,https://www.alloutdooradventures.com/tours/bbq-boots-and-brew-team-registration,,129.00 USD
284520,BBQ Boots and Brew: General Admission,notAllowedActivity,https://www.alloutdooradventures.com/tours/bbq-boots-and-brew-general-admission,,129.00 USD
284863,LED Glow Tour,notAllowedActivity,https://www.alloutdooradventures.com/tours/led-glow-tour,,129.00 USD
284864,LED Stargazing Tour,notAllowedActivity,https://www.alloutdooradventures.com/tours/led-stargazing-tour,,129.00 USD
284867,Haunted LED Tour,notAllowedActivity,https://www.alloutdooradventures.com/tours/haunted-led-tour,,129.00 USD
284870,Clearly Explorer | Clear Kayak Charter,missingImage,https://www.alloutdooradventures.com/tours/clearly-explorer-clear-kayak-charter,,129.00 USD
290059,Redwoods and California Wine Country Tour,notAllowedActivity,https://www.alloutdooradventures.com/tours/redwoods-and-california-wine-country-tour,,129.00 USD
290181,California CCW Classes,notAllowedActivity,https://www.alloutdooradventures.com/tours/california-ccw-classes,,129.00 USD
298590,Beach Boys California Dreamin',notAllowedActivity,https://www.alloutdooradventures.com/tours/beach-boys-california-dreamin,,129.00 USD
307123,2 Hrs. RENTAL RESERVATION (Jack London Sq.),notAllowedActivity,https://www.alloutdooradventures.com/tours/2-hrs-rental-reservation-jack-london-sq,,129.00 USD
312483,Full Day RENTAL RESERVATION (Jack London Sq.),notAllowedActivity,https://www.alloutdooradventures.com/tours/full-day-rental-reservation-jack-london-sq,,129.00 USD
313657,Sanctuary Tour,notAllowedActivity,https://www.alloutdooradventures.com/tours/sanctuary-tour,,129.00 USD
313667,Private/Group Sanctuary Tour,notAllowedActivity,https://www.alloutdooradventures.com/tours/private-group-sanctuary-tour,,129.00 USD
318386,Interactive Sailing,missingImage,https://www.alloutdooradventures.com/tours/interactive-sailing,,129.00 USD
323142,The Scenic California Riding & Hiking Trail,missingImage,https://www.alloutdooradventures.com/tours/the-scenic-california-riding-and-hiking-trail,,129.00 USD
326675,Weekend Cab and Caboose Ride,notAllowedActivity,https://www.alloutdooradventures.com/tours/weekend-cab-and-caboose-ride,,129.00 USD
333236,Private California Sunset Tour,notAllowedActivity,https://www.alloutdooradventures.com/tours/private-california-sunset-tour,,129.00 USD
360526,The California Grill with Chef Mat,notAllowedActivity,https://www.alloutdooradventures.com/tours/the-california-grill-with-chef-mat,,129.00 USD
362158,Private Horse Riding Lessons,missingImage,https://www.alloutdooradventures.com/tours/private-horse-riding-lessons,,129.00 USD
362160,Horse Connections,notAllowedActivity,https://www.alloutdooradventures.com/tours/horse-connections,,129.00 USD
362162,Group Horse Riding Lessons,missingImage,https://www.alloutdooradventures.com/tours/group-horse-riding-lessons,,129.00 USD
362166,Interactive Clinics,notAllowedActivity,https://www.alloutdooradventures.com/tours/interactive-clinics,,129.00 USD
377704,Seasonal California with Chef Mat,notAllowedActivity,https://www.alloutdooradventures.com/tours/seasonal-california-with-chef-mat,,129.00 USD
381165,Public Sunday,notAllowedActivity,https://www.alloutdooradventures.com/tours/public-sunday,,129.00 USD
381196,Family Tour,notAllowedActivity,https://www.alloutdooradventures.com/tours/family-tour,,129.00 USD
381216,Group Tour,notAllowedActivity,https://www.alloutdooradventures.com/tours/group-tour,,129.00 USD
381217,All-Day Tour,notAllowedActivity,https://www.alloutdooradventures.com/tours/all-day-tour,,129.00 USD
381218,Cow Hug Therapy,notAllowedActivity,https://www.alloutdooradventures.com/tours/cow-hug-therapy,,129.00 USD
381219,Party Tour,notAllowedActivity,https://www.alloutdooradventures.com/tours/party-tour,,129.00 USD
381220,Field Trip,notAllowedActivity,https://www.alloutdooradventures.com/tours/field-trip,,129.00 USD
381449,Gentle Thanksgiving,notAllowedActivity,https://www.alloutdooradventures.com/tours/gentle-thanksgiving,,129.00 USD
382507,Corporate Executive Bus,notAllowedActivity,https://www.alloutdooradventures.com/tours/corporate-executive-bus,,129.00 USD
386725,Semi Private Yosemite Valley HikingTour,notAllowedActivity,https://www.alloutdooradventures.com/tours/semi-private-yosemite-valley-hikingtour,,129.00 USD
386935,Central Coast DayTrip with Kayaking,notAllowedActivity,https://www.alloutdooradventures.com/tours/central-coast-daytrip-with-kayaking,,129.00 USD
386943,"Three Day National Park Tour- Yosemite, Kings Canyon and Sequoia National Park",missingImage,https://www.alloutdooradventures.com/tours/three-day-national-park-tour-yosemite-kings-canyon-and-sequoia-national-park,,129.00 USD
386959,Private Yosemite Tour,notAllowedActivity,https://www.alloutdooradventures.com/tours/private-yosemite-tour,,129.00 USD
386964,Semi Private National Park  Day Trip for Central Valley Locals,notAllowedActivity,https://www.alloutdooradventures.com/tours/semi-private-national-park-day-trip-for-central-valley-locals,,129.00 USD
386983,Destination Tours: Yolo County Sunflower Getaway,notAllowedActivity,https://www.alloutdooradventures.com/tours/destination-tours-yolo-county-sunflower-getaway,,129.00 USD
386993,Best of Fresno and Clovis Dinner Add On,notAllowedActivity,https://www.alloutdooradventures.com/tours/best-of-fresno-and-clovis-dinner-add-on,,129.00 USD
388635,15 passengers Open Ocean Coastal,notAllowedActivity,https://www.alloutdooradventures.com/tours/15-passengers-open-ocean-coastal,,129.00 USD
388669,15 Passengers Harbor Cruise Weekend,notAllowedActivity,https://www.alloutdooradventures.com/tours/15-passengers-harbor-cruise-weekend,,129.00 USD
394017,Half Day Jet Ski Rentals • Greater Sacramento,notAllowedActivity,https://www.alloutdooradventures.com/tours/half-day-jet-ski-rentals-greater-sacramento,,129.00 USD
394030,Full Day Jet Ski Rentals • Greater Sacramento,notAllowedActivity,https://www.alloutdooradventures.com/tours/full-day-jet-ski-rentals-greater-sacramento,,129.00 USD
394034,Full Day Jet Ski Rentals • South Lake Tahoe,notAllowedActivity,https://www.alloutdooradventures.com/tours/full-day-jet-ski-rentals-south-lake-tahoe,,129.00 USD
394036,Half Day Jet Ski Rentals • South Lake Tahoe,notAllowedActivity,https://www.alloutdooradventures.com/tours/half-day-jet-ski-rentals-south-lake-tahoe,,129.00 USD
394234,Semi Private Sequoia National Park Tour,notAllowedActivity,https://www.alloutdooradventures.com/tours/semi-private-sequoia-national-park-tour,,129.00 USD
394248,Semi Private Kings Canyon National Park Tour,missingImage,https://www.alloutdooradventures.com/tours/semi-private-kings-canyon-national-park-tour,,129.00 USD
399992,Two Day Tour- Sequoia and Kings National Park,notAllowedActivity,https://www.alloutdooradventures.com/tours/two-day-tour-sequoia-and-kings-national-park,,129.00 USD
400670,"Four Days in Beautiful San Diego, California",notAllowedActivity,https://www.alloutdooradventures.com/tours/four-days-in-beautiful-san-diego-california,,129.00 USD
408787,California Coast Adventure Tour 350,notAllowedActivity,https://www.alloutdooradventures.com/tours/california-coast-adventure-tour-350,,129.00 USD
408878,California Italian with Chef David,notAllowedActivity,https://www.alloutdooradventures.com/tours/california-italian-with-chef-david,,129.00 USD
412193,Turkey Cuddle Therapy,notAllowedActivity,https://www.alloutdooradventures.com/tours/turkey-cuddle-therapy,,129.00 USD
412195,Equine Therapy,notAllowedActivity,https://www.alloutdooradventures.com/tours/equine-therapy,,129.00 USD
412617,3 Hrs. RENTAL RESEVATION (Jack London Sq.),notAllowedActivity,https://www.alloutdooradventures.com/tours/3-hrs-rental-resevation-jack-london-sq,,129.00 USD
413654,Tour of California Surf Museum,notAllowedActivity,https://www.alloutdooradventures.com/tours/tour-of-california-surf-museum,,129.00 USD
415992,Merit Badge Program,notAllowedActivity,https://www.alloutdooradventures.com/tours/merit-badge-program,,129.00 USD
416495,After School Surf Program,notAllowedActivity,https://www.alloutdooradventures.com/tours/after-school-surf-program,,129.00 USD
419927,Winter Wonderland- Semi Private Tour of Kings Canyon National Park,missingImage,https://www.alloutdooradventures.com/tours/winter-wonderland-semi-private-tour-of-kings-canyon-national-park,,129.00 USD
419959,Winter Wonderland- Semi Private Tour of Sequoia National Park,notAllowedActivity,https://www.alloutdooradventures.com/tours/winter-wonderland-semi-private-tour-of-sequoia-national-park,,129.00 USD
419963,Winter Wonderland- Private Yosemite Valley Tour,notAllowedActivity,https://www.alloutdooradventures.com/tours/winter-wonderland-private-yosemite-valley-tour,,129.00 USD
419966,Winter Wonderland- Semi Private Yosemite Valley Floor Tour,notAllowedActivity,https://www.alloutdooradventures.com/tours/winter-wonderland-semi-private-yosemite-valley-floor-tour,,129.00 USD
423373,Private Kings Canyon Hiking Tour,missingImage,https://www.alloutdooradventures.com/tours/private-kings-canyon-hiking-tour,,129.00 USD
423379,Private Sequoia National Park Tour,notAllowedActivity,https://www.alloutdooradventures.com/tours/private-sequoia-national-park-tour,,129.00 USD
424268,Central Coast Day Trip- Monterey Bay,notAllowedActivity,https://www.alloutdooradventures.com/tours/central-coast-day-trip-monterey-bay,,129.00 USD
424269,Old Town Sacramento with River Fox Train,notAllowedActivity,https://www.alloutdooradventures.com/tours/old-town-sacramento-with-river-fox-train,,129.00 USD
448618,Men's Longboard California Cruiser,notAllowedActivity,https://www.alloutdooradventures.com/tours/men-s-longboard-california-cruiser,,129.00 USD
448624,Ladies Longboard California Cruiser,notAllowedActivity,https://www.alloutdooradventures.com/tours/ladies-longboard-california-cruiser,,129.00 USD
450252,Online Coaching & Trip Planning,notAllowedActivity,https://www.alloutdooradventures.com/tours/online-coaching-and-trip-planning,,129.00 USD
454478,Mini-Run One,notAllowedActivity,https://www.alloutdooradventures.com/tours/mini-run-one,,129.00 USD
458850,Sizzling Summer Nights,notAllowedActivity,https://www.alloutdooradventures.com/tours/sizzling-summer-nights,,129.00 USD
458894,Sizzling Summer Nights: Vehicle Registration,notAllowedActivity,https://www.alloutdooradventures.com/tours/sizzling-summer-nights-vehicle-registration,,129.00 USD
458933,"Escape the Heat! 4 Days in Beautiful San Diego, California",notAllowedActivity,https://www.alloutdooradventures.com/tours/escape-the-heat-4-days-in-beautiful-san-diego-california,,129.00 USD
466577,Virtual Tour,notAllowedActivity,https://www.alloutdooradventures.com/tours/virtual-tour,,129.00 USD
469274,Three Day National Park Tour- Private,notAllowedActivity,https://www.alloutdooradventures.com/tours/three-day-national-park-tour-private,,129.00 USD
470345,Private Sanctuary Tour,notAllowedActivity,https://www.alloutdooradventures.com/tours/private-sanctuary-tour,,129.00 USD
476135,California Wild Kids Camp,notAllowedActivity,https://www.alloutdooradventures.com/tours/california-wild-kids-camp,,129.00 USD
477126,California Science Center Family Field Trip,notAllowedActivity,https://www.alloutdooradventures.com/tours/california-science-center-family-field-trip,,129.00 USD
477438,Model Train Workshop,notAllowedActivity,https://www.alloutdooradventures.com/tours/model-train-workshop,,129.00 USD
477443,Perris Appreciation Day,notAllowedActivity,https://www.alloutdooradventures.com/tours/perris-appreciation-day,,129.00 USD
479885,Promo Weekday Harbor Cruise,notAllowedActivity,https://www.alloutdooradventures.com/tours/promo-weekday-harbor-cruise,,129.00 USD
484066,San Francisco Cable Car Tour,notAllowedActivity,https://www.alloutdooradventures.com/tours/san-francisco-cable-car-tour,,129.00 USD
484084,Private Venice Beach Sunset Tour,notAllowedActivity,https://www.alloutdooradventures.com/tours/private-venice-beach-sunset-tour,,129.00 USD
485366,Wolf Conservation Tour,notAllowedActivity,https://www.alloutdooradventures.com/tours/wolf-conservation-tour,,129.00 USD
485416,Enrichment Tour,notAllowedActivity,https://www.alloutdooradventures.com/tours/enrichment-tour,,129.00 USD
485421,Specialty Tours - Holiday Themed,notAllowedActivity,https://www.alloutdooradventures.com/tours/specialty-tours-holiday-themed,,129.00 USD
485462,Private Tours,notAllowedActivity,https://www.alloutdooradventures.com/tours/private-tours,,129.00 USD
485499,School Group Tours,notAllowedActivity,https://www.alloutdooradventures.com/tours/school-group-tours,,129.00 USD
485526,School Groups - Wolf Conservation Tour,notAllowedActivity,https://www.alloutdooradventures.com/tours/school-groups-wolf-conservation-tour,,129.00 USD
485884,Private Clearly Explorer Excursion,notAllowedActivity,https://www.alloutdooradventures.com/tours/private-clearly-explorer-excursion,,129.00 USD
488267,Thanksgiving Spearfishing Retreat - Baja California Sur,notAllowedActivity,https://www.alloutdooradventures.com/tours/thanksgiving-spearfishing-retreat-baja-california-sur,,129.00 USD
508002,Night of Lights- Christmas Light Tour,notAllowedActivity,https://www.alloutdooradventures.com/tours/night-of-lights-christmas-light-tour,,129.00 USD
512408,Ferrari California T Convertible,notAllowedActivity,https://www.alloutdooradventures.com/tours/ferrari-california-t-convertible,,129.00 USD
519437,Joshua Tree Full Day Private Tour & Hike,missingImage,https://www.alloutdooradventures.com/tours/joshua-tree-full-day-private-tour-and-hike,,129.00 USD
519450,Joshua Tree Sunset & Stargazing Private Tour & Hike,missingImage,https://www.alloutdooradventures.com/tours/joshua-tree-sunset-and-stargazing-private-tour-and-hike,,129.00 USD
519464,Death Valley Full Day Private Tour & Hike,missingImage,https://www.alloutdooradventures.com/tours/death-valley-full-day-private-tour-and-hike,,129.00 USD
519500,Kings Canyon Full Day Private Tour & Hike,missingImage,https://www.alloutdooradventures.com/tours/kings-canyon-full-day-private-tour-and-hike,,129.00 USD
519502,Sequoia Full Day Private Tour & Hike,missingImage,https://www.alloutdooradventures.com/tours/sequoia-full-day-private-tour-and-hike,,129.00 USD
519503,Sequoia & Kings Canyon Two Day Private Tour & Hike,missingImage,https://www.alloutdooradventures.com/tours/sequoia-and-kings-canyon-two-day-private-tour-and-hike,,129.00 USD
519505,Yosemite Full Day Private Tour & Hike,missingImage,https://www.alloutdooradventures.com/tours/yosemite-full-day-private-tour-and-hike,,129.00 USD
519506,Yosemite Two Day Private Tour & Hike,missingImage,https://www.alloutdooradventures.com/tours/yosemite-two-day-private-tour-and-hike,,129.00 USD
519507,Yosemite Valley Full Day Small Group Tour & Hike,missingImage,https://www.alloutdooradventures.com/tours/yosemite-valley-full-day-small-group-tour-and-hike,,129.00 USD
519508,Yosemite High Country & Mariposa Grove Full Day Small Group Tour & Hike,missingImage,https://www.alloutdooradventures.com/tours/yosemite-high-country-and-mariposa-grove-full-day-small-group-tour-and-hike,,129.00 USD
521284,Fall Victorian Tea,notAllowedActivity,https://www.alloutdooradventures.com/tours/fall-victorian-tea,,129.00 USD
522271,Third Fridays,notAllowedActivity,https://www.alloutdooradventures.com/tours/third-fridays,,129.00 USD
523784,First Class Departures,notAllowedActivity,https://www.alloutdooradventures.com/tours/first-class-departures,,129.00 USD
537238,Private Charter on California 60' | My Christopher,notAllowedActivity,https://www.alloutdooradventures.com/tours/private-charter-on-california-60-my-christopher,,129.00 USD
545857,Seasonal California with Chef Mat,notAllowedActivity,https://www.alloutdooradventures.com/tours/seasonal-california-with-chef-mat,,129.00 USD
548645,California Cavern Walking Tour,missingImage,https://www.alloutdooradventures.com/tours/california-cavern-walking-tour,,129.00 USD
548651,Mammoth Cave Expedition,notAllowedActivity,https://www.alloutdooradventures.com/tours/mammoth-cave-expedition,,129.00 USD
548655,Middle Earth Cave Expedition,notAllowedActivity,https://www.alloutdooradventures.com/tours/middle-earth-cave-expedition,,129.00 USD
548660,Group Reservations,notAllowedActivity,https://www.alloutdooradventures.com/tours/group-reservations,,129.00 USD
553679,Half Day Pontoon Boat Rentals • Greater Sacramento,missingImage,https://www.alloutdooradventures.com/tours/half-day-pontoon-boat-rentals-greater-sacramento,,129.00 USD
